# $Id$
#
# osCommerce, Open Source E-Commerce Solutions
# http://www.oscommerce.com
#
# Copyright (c) 2014 osCommerce
#
# Released under the GNU General Public License
#
# NOTE: * Please make any modifications to this file by hand!
#       * DO NOT use a mysqldump created file for new changes!
#       * Please take note of the table structure, and use this
#         structure as a standard for future modifications!

DROP TABLE IF EXISTS action_recorder;
CREATE TABLE action_recorder (
  id int NOT NULL auto_increment,
  module varchar(255) NOT NULL,
  user_id int,
  user_name varchar(255),
  identifier varchar(255) NOT NULL,
  success char(1),
  date_added datetime NOT NULL,
  PRIMARY KEY (id),
  KEY idx_action_recorder_module (module),
  KEY idx_action_recorder_user_id (user_id),
  KEY idx_action_recorder_identifier (identifier),
  KEY idx_action_recorder_date_added (date_added)
) CHARACTER SET utf8 COLLATE utf8_unicode_ci;

DROP TABLE IF EXISTS address_book;
CREATE TABLE address_book (
   address_book_id int NOT NULL auto_increment,
   customers_id int NOT NULL,
   entry_gender char(1),
   entry_company varchar(255),
   entry_firstname varchar(255) NOT NULL,
   entry_lastname varchar(255) NOT NULL,
   entry_street_address varchar(255) NOT NULL,
   entry_suburb varchar(255),
   entry_postcode varchar(255) NOT NULL,
   entry_city varchar(255) NOT NULL,
   entry_state varchar(255),
   entry_country_id int DEFAULT '0' NOT NULL,
   entry_zone_id int DEFAULT '0' NOT NULL,
   PRIMARY KEY (address_book_id),
   KEY idx_address_book_customers_id (customers_id)
) CHARACTER SET utf8 COLLATE utf8_unicode_ci;

DROP TABLE IF EXISTS address_format;
CREATE TABLE address_format (
  address_format_id int NOT NULL auto_increment,
  address_format varchar(128) NOT NULL,
  address_summary varchar(48) NOT NULL,
  PRIMARY KEY (address_format_id)
) CHARACTER SET utf8 COLLATE utf8_unicode_ci;

DROP TABLE IF EXISTS administrators;
CREATE TABLE administrators (
  id int NOT NULL auto_increment,
  user_name varchar(255) binary NOT NULL,
  user_password varchar(60) NOT NULL,
  PRIMARY KEY (id)
) CHARACTER SET utf8 COLLATE utf8_unicode_ci;

DROP TABLE IF EXISTS banners;
CREATE TABLE banners (
  banners_id int NOT NULL auto_increment,
  banners_title varchar(64) NOT NULL,
  banners_url varchar(255) NOT NULL,
  banners_image varchar(64) NOT NULL,
  banners_group varchar(10) NOT NULL,
  banners_html_text text,
  expires_impressions int(7) DEFAULT '0',
  expires_date datetime DEFAULT NULL,
  date_scheduled datetime DEFAULT NULL,
  date_added datetime NOT NULL,
  date_status_change datetime DEFAULT NULL,
  status int(1) DEFAULT '1' NOT NULL,
  PRIMARY KEY (banners_id),
  KEY idx_banners_group (banners_group)
) CHARACTER SET utf8 COLLATE utf8_unicode_ci;

DROP TABLE IF EXISTS banner;
CREATE TABLE IF NOT EXISTS banner (
  b_id int(10) NOT NULL AUTO_INCREMENT,
  b_title varchar(100) NOT NULL,
  b_url varchar(255) NOT NULL,
  b_image varchar(200) NOT NULL,
  b_status int(1) NOT NULL,
  b_sort int(5) NOT NULL,
  b_pos int(1) NOT NULL,
  PRIMARY KEY (b_id)
) CHARACTER SET utf8 COLLATE utf8_unicode_ci;

DROP TABLE IF EXISTS banner_pos;
CREATE TABLE IF NOT EXISTS banner_pos (
  pb_pos int(5) NOT NULL,
  pb_name varchar(200) NOT NULL,
  pb_status int(1) NOT NULL,
  PRIMARY KEY (pb_pos)
) CHARACTER SET utf8 COLLATE utf8_unicode_ci;

DROP TABLE IF EXISTS banners_history;
CREATE TABLE banners_history (
  banners_history_id int NOT NULL auto_increment,
  banners_id int NOT NULL,
  banners_shown int(5) NOT NULL DEFAULT '0',
  banners_clicked int(5) NOT NULL DEFAULT '0',
  banners_history_date datetime NOT NULL,
  PRIMARY KEY (banners_history_id),
  KEY idx_banners_history_banners_id (banners_id)
) CHARACTER SET utf8 COLLATE utf8_unicode_ci;

DROP TABLE IF EXISTS categories;
CREATE TABLE categories (
   categories_id int NOT NULL auto_increment,
   categories_image varchar(64),
   parent_id int DEFAULT '0' NOT NULL,
   sort_order int(3),
   date_added datetime,
   last_modified datetime,
   PRIMARY KEY (categories_id),
   KEY idx_categories_parent_id (parent_id)
) CHARACTER SET utf8 COLLATE utf8_unicode_ci;

DROP TABLE IF EXISTS categories_description;
CREATE TABLE categories_description (
   categories_id int DEFAULT '0' NOT NULL,
   language_id int DEFAULT '1' NOT NULL,
   categories_name varchar(32) NOT NULL,
   PRIMARY KEY (categories_id, language_id),
   KEY idx_categories_name (categories_name)
) CHARACTER SET utf8 COLLATE utf8_unicode_ci;

DROP TABLE IF EXISTS configuration;
CREATE TABLE configuration (
  configuration_id int NOT NULL auto_increment,
  configuration_title varchar(255) NOT NULL,
  configuration_key varchar(255) NOT NULL,
  configuration_value text NOT NULL,
  configuration_description varchar(255) NOT NULL,
  configuration_group_id int NOT NULL,
  sort_order int(5) NULL,
  last_modified datetime NULL,
  date_added datetime NOT NULL,
  use_function varchar(255) NULL,
  set_function varchar(255) NULL,
  PRIMARY KEY (configuration_id)
) CHARACTER SET utf8 COLLATE utf8_unicode_ci;

DROP TABLE IF EXISTS configuration_group;
CREATE TABLE configuration_group (
  configuration_group_id int NOT NULL auto_increment,
  configuration_group_title varchar(64) NOT NULL,
  configuration_group_description varchar(255) NOT NULL,
  sort_order int(5) NULL,
  visible int(1) DEFAULT '1' NULL,
  PRIMARY KEY (configuration_group_id)
) CHARACTER SET utf8 COLLATE utf8_unicode_ci;

DROP TABLE IF EXISTS counter;
CREATE TABLE counter (
  startdate char(8),
  counter int(12)
) CHARACTER SET utf8 COLLATE utf8_unicode_ci;

DROP TABLE IF EXISTS counter_history;
CREATE TABLE counter_history (
  month char(8),
  counter int(12)
) CHARACTER SET utf8 COLLATE utf8_unicode_ci;

DROP TABLE IF EXISTS countries;
CREATE TABLE countries (
  countries_id int NOT NULL auto_increment,
  countries_name varchar(255) NOT NULL,
  countries_iso_code_2 char(2) NOT NULL,
  countries_iso_code_3 char(3) NOT NULL,
  address_format_id int NOT NULL,
  PRIMARY KEY (countries_id),
  KEY IDX_COUNTRIES_NAME (countries_name)
) CHARACTER SET utf8 COLLATE utf8_unicode_ci;

DROP TABLE IF EXISTS currencies;
CREATE TABLE currencies (
  currencies_id int NOT NULL auto_increment,
  title varchar(32) NOT NULL,
  code char(3) NOT NULL,
  symbol_left varchar(12),
  symbol_right varchar(12),
  decimal_point char(1),
  thousands_point char(1),
  decimal_places char(1),
  value float(13,8),
  last_updated datetime NULL,
  PRIMARY KEY (currencies_id),
  KEY idx_currencies_code (code)
) CHARACTER SET utf8 COLLATE utf8_unicode_ci;

DROP TABLE IF EXISTS customers;
CREATE TABLE customers (
   customers_id int NOT NULL auto_increment,
   customers_gender char(1),
   customers_firstname varchar(255) NOT NULL,
   customers_lastname varchar(255) NOT NULL,
   customers_dob datetime DEFAULT '0000-00-00 00:00:00' NOT NULL,
   customers_email_address varchar(255) NOT NULL,
   customers_default_address_id int,
   customers_telephone varchar(255) NOT NULL,
   customers_fax varchar(255),
   customers_password varchar(60) NOT NULL,
   customers_newsletter char(1),
   PRIMARY KEY (customers_id),
   KEY idx_customers_email_address (customers_email_address)
) CHARACTER SET utf8 COLLATE utf8_unicode_ci;

DROP TABLE IF EXISTS customers_basket;
CREATE TABLE customers_basket (
  customers_basket_id int NOT NULL auto_increment,
  customers_id int NOT NULL,
  products_id tinytext NOT NULL,
  customers_basket_quantity int(2) NOT NULL,
  final_price decimal(15,4),
  customers_basket_date_added char(8),
  PRIMARY KEY (customers_basket_id),
  KEY idx_customers_basket_customers_id (customers_id)
) CHARACTER SET utf8 COLLATE utf8_unicode_ci;

DROP TABLE IF EXISTS customers_basket_attributes;
CREATE TABLE customers_basket_attributes (
  customers_basket_attributes_id int NOT NULL auto_increment,
  customers_id int NOT NULL,
  products_id tinytext NOT NULL,
  products_options_id int NOT NULL,
  products_options_value_id int NOT NULL,
  PRIMARY KEY (customers_basket_attributes_id),
  KEY idx_customers_basket_att_customers_id (customers_id)
) CHARACTER SET utf8 COLLATE utf8_unicode_ci;

DROP TABLE IF EXISTS customers_info;
CREATE TABLE customers_info (
  customers_info_id int NOT NULL,
  customers_info_date_of_last_logon datetime,
  customers_info_number_of_logons int(5),
  customers_info_date_account_created datetime,
  customers_info_date_account_last_modified datetime,
  global_product_notifications int(1) DEFAULT '0',
  password_reset_key char(40),
  password_reset_date datetime,
  PRIMARY KEY (customers_info_id)
) CHARACTER SET utf8 COLLATE utf8_unicode_ci;

DROP TABLE IF EXISTS follow_us;
CREATE TABLE IF NOT EXISTS follow_us (
  fs_id int(5) NOT NULL AUTO_INCREMENT,
  fs_name varchar(255) NOT NULL,
  fs_link varchar(255) NOT NULL,
  fs_icon varchar(255) NOT NULL,
  fs_status int(1) NOT NULL,
  fs_sort int(10) NOT NULL,
PRIMARY KEY (fs_id)
) CHARACTER SET utf8 COLLATE utf8_unicode_ci;

DROP TABLE IF EXISTS languages;
CREATE TABLE languages (
  languages_id int NOT NULL auto_increment,
  name varchar(32)  NOT NULL,
  code char(2) NOT NULL,
  image varchar(64),
  directory varchar(32),
  sort_order int(3),
  PRIMARY KEY (languages_id),
  KEY IDX_LANGUAGES_NAME (name)
) CHARACTER SET utf8 COLLATE utf8_unicode_ci;

DROP TABLE IF EXISTS manufacturers;
CREATE TABLE manufacturers (
  manufacturers_id int NOT NULL auto_increment,
  manufacturers_name varchar(32) NOT NULL,
  manufacturers_image varchar(64),
  date_added datetime NULL,
  last_modified datetime NULL,
  PRIMARY KEY (manufacturers_id),
  KEY IDX_MANUFACTURERS_NAME (manufacturers_name)
) CHARACTER SET utf8 COLLATE utf8_unicode_ci;

DROP TABLE IF EXISTS manufacturers_info;
CREATE TABLE manufacturers_info (
  manufacturers_id int NOT NULL,
  languages_id int NOT NULL,
  manufacturers_url varchar(255) NOT NULL,
  url_clicked int(5) NOT NULL default '0',
  date_last_click datetime NULL,
  PRIMARY KEY (manufacturers_id, languages_id)
) CHARACTER SET utf8 COLLATE utf8_unicode_ci;

DROP TABLE IF EXISTS newsletters;
CREATE TABLE newsletters (
  newsletters_id int NOT NULL auto_increment,
  title varchar(255) NOT NULL,
  content text NOT NULL,
  module varchar(255) NOT NULL,
  date_added datetime NOT NULL,
  date_sent datetime,
  status int(1),
  locked int(1) DEFAULT '0',
  PRIMARY KEY (newsletters_id)
) CHARACTER SET utf8 COLLATE utf8_unicode_ci;

DROP TABLE IF EXISTS orders;
CREATE TABLE orders (
  orders_id int NOT NULL auto_increment,
  customers_id int NOT NULL,
  customers_name varchar(255) NOT NULL,
  customers_company varchar(255),
  customers_street_address varchar(255) NOT NULL,
  customers_suburb varchar(255),
  customers_city varchar(255) NOT NULL,
  customers_postcode varchar(255) NOT NULL,
  customers_state varchar(255),
  customers_country varchar(255) NOT NULL,
  customers_telephone varchar(255) NOT NULL,
  customers_email_address varchar(255) NOT NULL,
  customers_address_format_id int(5) NOT NULL,
  delivery_name varchar(255) NOT NULL,
  delivery_company varchar(255),
  delivery_street_address varchar(255) NOT NULL,
  delivery_suburb varchar(255),
  delivery_city varchar(255) NOT NULL,
  delivery_postcode varchar(255) NOT NULL,
  delivery_state varchar(255),
  delivery_country varchar(255) NOT NULL,
  delivery_address_format_id int(5) NOT NULL,
  billing_name varchar(255) NOT NULL,
  billing_company varchar(255),
  billing_street_address varchar(255) NOT NULL,
  billing_suburb varchar(255),
  billing_city varchar(255) NOT NULL,
  billing_postcode varchar(255) NOT NULL,
  billing_state varchar(255),
  billing_country varchar(255) NOT NULL,
  billing_address_format_id int(5) NOT NULL,
  payment_method varchar(255) NOT NULL,
  cc_type varchar(20),
  cc_owner varchar(255),
  cc_number varchar(32),
  cc_expires varchar(4),
  last_modified datetime,
  date_purchased datetime,
  orders_status int(5) NOT NULL,
  orders_date_finished datetime,
  currency char(3),
  currency_value decimal(14,6),
  PRIMARY KEY (orders_id),
  KEY idx_orders_customers_id (customers_id)
) CHARACTER SET utf8 COLLATE utf8_unicode_ci;

DROP TABLE IF EXISTS orders_products;
CREATE TABLE orders_products (
  orders_products_id int NOT NULL auto_increment,
  orders_id int NOT NULL,
  products_id int NOT NULL,
  products_model varchar(12),
  products_name varchar(64) NOT NULL,
  products_price decimal(15,4) NOT NULL,
  final_price decimal(15,4) NOT NULL,
  products_tax decimal(7,4) NOT NULL,
  products_quantity int(2) NOT NULL,
  PRIMARY KEY (orders_products_id),
  KEY idx_orders_products_orders_id (orders_id),
  KEY idx_orders_products_products_id (products_id)
) CHARACTER SET utf8 COLLATE utf8_unicode_ci;

DROP TABLE IF EXISTS orders_status;
CREATE TABLE orders_status (
   orders_status_id int DEFAULT '0' NOT NULL,
   language_id int DEFAULT '1' NOT NULL,
   orders_status_name varchar(32) NOT NULL,
   public_flag int DEFAULT '1',
   downloads_flag int DEFAULT '0',
   PRIMARY KEY (orders_status_id, language_id),
   KEY idx_orders_status_name (orders_status_name)
) CHARACTER SET utf8 COLLATE utf8_unicode_ci;

DROP TABLE IF EXISTS orders_status_history;
CREATE TABLE orders_status_history (
   orders_status_history_id int NOT NULL auto_increment,
   orders_id int NOT NULL,
   orders_status_id int(5) NOT NULL,
   date_added datetime NOT NULL,
   customer_notified int(1) DEFAULT '0',
   comments text,
   PRIMARY KEY (orders_status_history_id),
   KEY idx_orders_status_history_orders_id (orders_id)
) CHARACTER SET utf8 COLLATE utf8_unicode_ci;

DROP TABLE IF EXISTS orders_products_attributes;
CREATE TABLE orders_products_attributes (
  orders_products_attributes_id int NOT NULL auto_increment,
  orders_id int NOT NULL,
  orders_products_id int NOT NULL,
  products_options varchar(32) NOT NULL,
  products_options_values varchar(32) NOT NULL,
  options_values_price decimal(15,4) NOT NULL,
  price_prefix char(1) NOT NULL,
  PRIMARY KEY (orders_products_attributes_id),
  KEY idx_orders_products_att_orders_id (orders_id)
) CHARACTER SET utf8 COLLATE utf8_unicode_ci;

DROP TABLE IF EXISTS orders_products_download;
CREATE TABLE orders_products_download (
  orders_products_download_id int NOT NULL auto_increment,
  orders_id int NOT NULL default '0',
  orders_products_id int NOT NULL default '0',
  orders_products_filename varchar(255) NOT NULL default '',
  download_maxdays int(2) NOT NULL default '0',
  download_count int(2) NOT NULL default '0',
  PRIMARY KEY  (orders_products_download_id),
  KEY idx_orders_products_download_orders_id (orders_id)
) CHARACTER SET utf8 COLLATE utf8_unicode_ci;

DROP TABLE IF EXISTS orders_total;
CREATE TABLE orders_total (
  orders_total_id int unsigned NOT NULL auto_increment,
  orders_id int NOT NULL,
  title varchar(255) NOT NULL,
  text varchar(255) NOT NULL,
  value decimal(15,4) NOT NULL,
  class varchar(32) NOT NULL,
  sort_order int NOT NULL,
  PRIMARY KEY (orders_total_id),
  KEY idx_orders_total_orders_id (orders_id)
) CHARACTER SET utf8 COLLATE utf8_unicode_ci;

DROP TABLE IF EXISTS products;
CREATE TABLE products (
  products_id int NOT NULL auto_increment,
  products_quantity int(4) NOT NULL,
  products_model varchar(12),
  products_image varchar(64),
  products_price decimal(15,4) NOT NULL,
  products_date_added datetime NOT NULL,
  products_last_modified datetime,
  products_date_available datetime,
  products_weight decimal(5,2) NOT NULL,
  products_status tinyint(1) NOT NULL,
  products_tax_class_id int NOT NULL,
  manufacturers_id int NULL,
  products_ordered int NOT NULL default '0',
  products_best int(1) NOT NULL,
  PRIMARY KEY (products_id),
  KEY idx_products_model (products_model),
  KEY idx_products_date_added (products_date_added)
) CHARACTER SET utf8 COLLATE utf8_unicode_ci;

DROP TABLE IF EXISTS products_attributes;
CREATE TABLE products_attributes (
  products_attributes_id int NOT NULL auto_increment,
  products_id int NOT NULL,
  options_id int NOT NULL,
  options_values_id int NOT NULL,
  options_values_price decimal(15,4) NOT NULL,
  price_prefix char(1) NOT NULL,
  PRIMARY KEY (products_attributes_id),
  KEY idx_products_attributes_products_id (products_id)
) CHARACTER SET utf8 COLLATE utf8_unicode_ci;

DROP TABLE IF EXISTS products_attributes_download;
CREATE TABLE products_attributes_download (
  products_attributes_id int NOT NULL,
  products_attributes_filename varchar(255) NOT NULL default '',
  products_attributes_maxdays int(2) default '0',
  products_attributes_maxcount int(2) default '0',
  PRIMARY KEY  (products_attributes_id)
) CHARACTER SET utf8 COLLATE utf8_unicode_ci;

DROP TABLE IF EXISTS products_description;
CREATE TABLE products_description (
  products_id int NOT NULL auto_increment,
  language_id int NOT NULL default '1',
  products_name varchar(64) NOT NULL default '',
  products_description text,
  products_url varchar(255) default NULL,
  products_viewed int(5) default '0',
  PRIMARY KEY  (products_id,language_id),
  KEY products_name (products_name)
) CHARACTER SET utf8 COLLATE utf8_unicode_ci;

DROP TABLE IF EXISTS products_images;
CREATE TABLE products_images (
  id int NOT NULL auto_increment,
  products_id int NOT NULL,
  image varchar(64),
  htmlcontent text,
  sort_order int NOT NULL,
  PRIMARY KEY (id),
  KEY products_images_prodid (products_id)
) CHARACTER SET utf8 COLLATE utf8_unicode_ci;

DROP TABLE IF EXISTS products_notifications;
CREATE TABLE products_notifications (
  products_id int NOT NULL,
  customers_id int NOT NULL,
  date_added datetime NOT NULL,
  PRIMARY KEY (products_id, customers_id)
) CHARACTER SET utf8 COLLATE utf8_unicode_ci;

DROP TABLE IF EXISTS products_options;
CREATE TABLE products_options (
  products_options_id int NOT NULL default '0',
  language_id int NOT NULL default '1',
  products_options_name varchar(32) NOT NULL default '',
  PRIMARY KEY  (products_options_id,language_id)
) CHARACTER SET utf8 COLLATE utf8_unicode_ci;

DROP TABLE IF EXISTS products_options_values;
CREATE TABLE products_options_values (
  products_options_values_id int NOT NULL default '0',
  language_id int NOT NULL default '1',
  products_options_values_name varchar(64) NOT NULL default '',
  PRIMARY KEY  (products_options_values_id,language_id)
) CHARACTER SET utf8 COLLATE utf8_unicode_ci;

DROP TABLE IF EXISTS products_options_values_to_products_options;
CREATE TABLE products_options_values_to_products_options (
  products_options_values_to_products_options_id int NOT NULL auto_increment,
  products_options_id int NOT NULL,
  products_options_values_id int NOT NULL,
  PRIMARY KEY (products_options_values_to_products_options_id)
) CHARACTER SET utf8 COLLATE utf8_unicode_ci;

DROP TABLE IF EXISTS products_to_categories;
CREATE TABLE products_to_categories (
  products_id int NOT NULL,
  categories_id int NOT NULL,
  PRIMARY KEY (products_id,categories_id)
) CHARACTER SET utf8 COLLATE utf8_unicode_ci;

DROP TABLE IF EXISTS reviews;
CREATE TABLE reviews (
  reviews_id int NOT NULL auto_increment,
  products_id int NOT NULL,
  customers_id int,
  customers_name varchar(255) NOT NULL,
  reviews_rating int(1),
  date_added datetime,
  last_modified datetime,
  reviews_status tinyint(1) NOT NULL default '0',
  reviews_read int(5) NOT NULL default '0',
  PRIMARY KEY (reviews_id),
  KEY idx_reviews_products_id (products_id),
  KEY idx_reviews_customers_id (customers_id)
) CHARACTER SET utf8 COLLATE utf8_unicode_ci;

DROP TABLE IF EXISTS reviews_description;
CREATE TABLE reviews_description (
  reviews_id int NOT NULL,
  languages_id int NOT NULL,
  reviews_text text NOT NULL,
  PRIMARY KEY (reviews_id, languages_id)
) CHARACTER SET utf8 COLLATE utf8_unicode_ci;

DROP TABLE IF EXISTS sec_directory_whitelist;
CREATE TABLE sec_directory_whitelist (
  id int NOT NULL auto_increment,
  directory varchar(255) NOT NULL,
  PRIMARY KEY (id)
) CHARACTER SET utf8 COLLATE utf8_unicode_ci;

DROP TABLE IF EXISTS sessions;
CREATE TABLE sessions (
  sesskey varchar(128) NOT NULL,
  expiry int(11) unsigned NOT NULL,
  value text NOT NULL,
  PRIMARY KEY (sesskey)
) CHARACTER SET utf8 COLLATE utf8_unicode_ci;

DROP TABLE IF EXISTS specials;
CREATE TABLE specials (
  specials_id int NOT NULL auto_increment,
  products_id int NOT NULL,
  specials_new_products_price decimal(15,4) NOT NULL,
  specials_date_added datetime,
  specials_last_modified datetime,
  expires_date datetime,
  date_status_change datetime,
  status int(1) NOT NULL DEFAULT '1',
  PRIMARY KEY (specials_id),
  KEY idx_specials_products_id (products_id)
) CHARACTER SET utf8 COLLATE utf8_unicode_ci;

DROP TABLE IF EXISTS tax_class;
CREATE TABLE tax_class (
  tax_class_id int NOT NULL auto_increment,
  tax_class_title varchar(32) NOT NULL,
  tax_class_description varchar(255) NOT NULL,
  last_modified datetime NULL,
  date_added datetime NOT NULL,
  PRIMARY KEY (tax_class_id)
) CHARACTER SET utf8 COLLATE utf8_unicode_ci;

DROP TABLE IF EXISTS tax_rates;
CREATE TABLE tax_rates (
  tax_rates_id int NOT NULL auto_increment,
  tax_zone_id int NOT NULL,
  tax_class_id int NOT NULL,
  tax_priority int(5) DEFAULT 1,
  tax_rate decimal(7,4) NOT NULL,
  tax_description varchar(255) NOT NULL,
  last_modified datetime NULL,
  date_added datetime NOT NULL,
  PRIMARY KEY (tax_rates_id)
) CHARACTER SET utf8 COLLATE utf8_unicode_ci;

DROP TABLE IF EXISTS geo_zones;
CREATE TABLE geo_zones (
  geo_zone_id int NOT NULL auto_increment,
  geo_zone_name varchar(32) NOT NULL,
  geo_zone_description varchar(255) NOT NULL,
  last_modified datetime NULL,
  date_added datetime NOT NULL,
  PRIMARY KEY (geo_zone_id)
) CHARACTER SET utf8 COLLATE utf8_unicode_ci;

DROP TABLE IF EXISTS whos_online;
CREATE TABLE whos_online (
  customer_id int,
  full_name varchar(255) NOT NULL,
  session_id varchar(128) NOT NULL,
  ip_address varchar(15) NOT NULL,
  time_entry varchar(14) NOT NULL,
  time_last_click varchar(14) NOT NULL,
  last_page_url text NOT NULL,
  KEY idx_whos_online_session_id (session_id)
) CHARACTER SET utf8 COLLATE utf8_unicode_ci;

DROP TABLE IF EXISTS zones;
CREATE TABLE zones (
  zone_id int NOT NULL auto_increment,
  zone_country_id int NOT NULL,
  zone_code varchar(32) NOT NULL,
  zone_name varchar(255) NOT NULL,
  PRIMARY KEY (zone_id),
  KEY idx_zones_country_id (zone_country_id)
) CHARACTER SET utf8 COLLATE utf8_unicode_ci;

DROP TABLE IF EXISTS zones_to_geo_zones;
CREATE TABLE zones_to_geo_zones (
   association_id int NOT NULL auto_increment,
   zone_country_id int NOT NULL,
   zone_id int NULL,
   geo_zone_id int NULL,
   last_modified datetime NULL,
   date_added datetime NOT NULL,
   PRIMARY KEY (association_id),
   KEY idx_zones_to_geo_zones_country_id (zone_country_id)
) CHARACTER SET utf8 COLLATE utf8_unicode_ci;

DROP TABLE IF EXISTS google_fonts;
CREATE TABLE google_fonts (
  font_id int(3) NOT NULL AUTO_INCREMENT,
  font_name varchar(100) NOT NULL,
  font_code varchar(255) NOT NULL,
  font_use varchar(120) NOT NULL,
  status int(1) NOT NULL,
  PRIMARY KEY (font_id)
) CHARACTER SET utf8 COLLATE utf8_unicode_ci;

DROP TABLE IF EXISTS information;
CREATE TABLE information (
  info_id int(11) NOT NULL AUTO_INCREMENT,
  info_pos varchar(3) NOT NULL,
  status int(1) NOT NULL,
  sort int(10) NOT NULL,
  PRIMARY KEY (info_id)
) CHARACTER SET utf8 COLLATE utf8_unicode_ci;

DROP TABLE IF EXISTS information_description;
CREATE TABLE information_description (
  info_id int(5) NOT NULL,
  language_id int(11) NOT NULL,
  info_name varchar(255) NOT NULL,
  info_title varchar(255) NOT NULL,
  info_content mediumtext NOT NULL,
  PRIMARY KEY (info_id,language_id),
  KEY info_name (info_name)
) CHARACTER SET utf8 COLLATE utf8_unicode_ci;

DROP TABLE IF EXISTS slider;
CREATE TABLE slider (
  slider_id int(2) NOT NULL AUTO_INCREMENT,
  slider_title varchar(255) NOT NULL,
  slider_text1 mediumtext NOT NULL,
  slider_text2 mediumtext NOT NULL,
  slider_title_style mediumtext NOT NULL,
  slider_text1_style mediumtext NOT NULL,
  slider_text2_style mediumtext NOT NULL,
  slider_ani_title varchar(100) NOT NULL,
  slider_ani_text1 varchar(100) NOT NULL,
  slider_ani_text2 varchar(100) NOT NULL,
  slider_title_bg int(1) NOT NULL,
  slider_text1_bg int(1) NOT NULL,
  slider_text2_bg int(1) NOT NULL,
  slider_image varchar(255) NOT NULL,
  slider_link varchar(255) NOT NULL,
  slider_sort int(5) NOT NULL,
  slider_status int(1) NOT NULL,
  PRIMARY KEY (slider_id)
) CHARACTER SET utf8 COLLATE utf8_unicode_ci;

DROP TABLE IF EXISTS testimonial;
CREATE TABLE testimonial (
  testi_id int(11) NOT NULL AUTO_INCREMENT,
  testi_name varchar(255) NOT NULL,
  testi_email varchar(255) NOT NULL,
  testi_text longtext NOT NULL,
  testi_date datetime NOT NULL,
  testi_status int(1) NOT NULL,
  PRIMARY KEY (testi_id)
) CHARACTER SET utf8 COLLATE utf8_unicode_ci;

DROP TABLE IF EXISTS theme;
CREATE TABLE theme (
 t_id int(10) NOT NULL AUTO_INCREMENT,
  t_name varchar(255) NOT NULL,
  t_code varchar(100) NOT NULL,
  t_class varchar(255) NOT NULL,
  t_attr varchar(100) NOT NULL,
  t_value varchar(255) NOT NULL,
  t_impo int(1) NOT NULL,
  t_attr_1 varchar(100) NOT NULL,
  t_value_1 varchar(100) NOT NULL,
  t_impo_1 int(1) NOT NULL,
  t_tb int(11) NOT NULL,
  t_compile varchar(255) NOT NULL,
  t_group int(5) NOT NULL,
  PRIMARY KEY (t_id)
) CHARACTER SET utf8 COLLATE utf8_unicode_ci;

DROP TABLE IF EXISTS theme_group;
CREATE TABLE theme_group (
  t_group int(10) NOT NULL AUTO_INCREMENT,
  tg_name varchar(255) NOT NULL,
  tg_info text NOT NULL,
  tg_module varchar(255) NOT NULL,
  tg_status int(11) NOT NULL,
  PRIMARY KEY (t_group)
) CHARACTER SET utf8 COLLATE utf8_unicode_ci;



# data

# 1 - Default, 2 - USA, 3 - Spain, 4 - Singapore, 5 - Germany
INSERT INTO address_format VALUES (1, '$firstname $lastname$cr$streets$cr$city, $postcode$cr$statecomma$country','$city / $country');
INSERT INTO address_format VALUES (2, '$firstname $lastname$cr$streets$cr$city, $state    $postcode$cr$country','$city, $state / $country');
INSERT INTO address_format VALUES (3, '$firstname $lastname$cr$streets$cr$city$cr$postcode - $statecomma$country','$state / $country');
INSERT INTO address_format VALUES (4, '$firstname $lastname$cr$streets$cr$city ($postcode)$cr$country', '$postcode / $country');
INSERT INTO address_format VALUES (5, '$firstname $lastname$cr$streets$cr$postcode $city$cr$country','$city / $country');

INSERT INTO banners VALUES (1, 'osCommerce', 'http://www.oscommerce.com', 'banners/oscommerce.gif', 'footer', '', 0, null, null, now(), null, 1);

INSERT INTO banner VALUES ('1', 'So Sexy', 'http://localhost/storecity/index.php/cPath/3_10', 'sexy1.jpg', '1', '0', '1');
INSERT INTO banner VALUES ('2', 'Summer Sale', '#', 'summer.jpg', '1', '0', '1');
INSERT INTO banner VALUES ('3', 'Shoes', '#', 'shoessmall.jpg', '1', '0', '2');
INSERT INTO banner VALUES ('4', 'Glass', '#', 'glasses.jpg', '1', '0', '2');
INSERT INTO banner VALUES ('5', 'Bags', '#', 'bags.jpg', '1', '0', '2');

INSERT INTO banner_pos VALUES ('1','Banner 2 Column','1');
INSERT INTO banner_pos VALUES ('2','Banner 3 Column','1');

INSERT INTO categories VALUES ('28', '1.jpg', '0', '5', now(), null);
INSERT INTO categories VALUES ('29', '1.jpg', '0', '5', now(), null);
INSERT INTO categories VALUES ('30', '1.jpg', '0', '5', now(), null);
INSERT INTO categories VALUES ('31', '1.jpg', '0', '10',  now(), null);
INSERT INTO categories VALUES ('33', '1.jpg', '39', '0', now(), null);
INSERT INTO categories VALUES ('34', '1.jpg', '39', '0',  now(), null);
INSERT INTO categories VALUES ('35', '1.jpg', '39', '0',  now(), null);
INSERT INTO categories VALUES ('36', '1.jpg', '0', '1', now(), null);
INSERT INTO categories VALUES ('37', '1.jpg', '41', '0', now(), null);
INSERT INTO categories VALUES ('38', '1.jpg', '0', '1', now(), null);
INSERT INTO categories VALUES ('39', '1.jpg', '0', '0', now(), null);
INSERT INTO categories VALUES ('40', '1.jpg', '39', '0', now(), null);
INSERT INTO categories VALUES ('41', '1.jpg', '0', '1',  now(), null);
INSERT INTO categories VALUES ('42', '1.jpg', '41', '0', now(), null);
INSERT INTO categories VALUES ('43', '1.jpg', '41', '0', now(), null);
INSERT INTO categories VALUES ('44', '1.jpg', '41', '0', now(), null);


INSERT INTO categories_description VALUES ('41', '1', 'Accessories');
INSERT INTO categories_description VALUES ('38', '1', 'Bags');
INSERT INTO categories_description VALUES ('31', '1', 'Category 7');
INSERT INTO categories_description VALUES ('28', '1', 'Category2');
INSERT INTO categories_description VALUES ('29', '1', 'Category3');
INSERT INTO categories_description VALUES ('30', '1', 'Category6');
INSERT INTO categories_description VALUES ('34', '1', 'Dress');
INSERT INTO categories_description VALUES ('39', '1', 'Fashion');
INSERT INTO categories_description VALUES ('37', '1', 'Glasses');
INSERT INTO categories_description VALUES ('44', '1', 'Hats');
INSERT INTO categories_description VALUES ('35', '1', 'Lingerie');
INSERT INTO categories_description VALUES ('42', '1', 'Neklace');
INSERT INTO categories_description VALUES ('40', '1', 'Pants');
INSERT INTO categories_description VALUES ('43', '1', 'Rings');
INSERT INTO categories_description VALUES ('33', '1', 'Shirt');
INSERT INTO categories_description VALUES ('36', '1', 'Shoes');


INSERT INTO configuration (configuration_title, configuration_key, configuration_value, configuration_description, configuration_group_id, sort_order, date_added) VALUES ('Store Name', 'STORE_NAME', 'osCommerce', 'The name of my store', '1', '1', now());
INSERT INTO configuration (configuration_title, configuration_key, configuration_value, configuration_description, configuration_group_id, sort_order, date_added) VALUES ('Store Owner', 'STORE_OWNER', 'Harald Ponce de Leon', 'The name of my store owner', '1', '2', now());
INSERT INTO configuration (configuration_title, configuration_key, configuration_value, configuration_description, configuration_group_id, sort_order, date_added) VALUES ('E-Mail Address', 'STORE_OWNER_EMAIL_ADDRESS', 'root@localhost', 'The e-mail address of my store owner', '1', '3', now());
INSERT INTO configuration (configuration_title, configuration_key, configuration_value, configuration_description, configuration_group_id, sort_order, date_added) VALUES ('E-Mail From', 'EMAIL_FROM', 'osCommerce <root@localhost>', 'The e-mail address used in (sent) e-mails', '1', '4', now());
INSERT INTO configuration (configuration_title, configuration_key, configuration_value, configuration_description, configuration_group_id, sort_order, use_function, set_function, date_added) VALUES ('Country', 'STORE_COUNTRY', '223', 'The country my store is located in <br /><br /><strong>Note: Please remember to update the store zone.</strong>', '1', '6', 'tep_get_country_name', 'tep_cfg_pull_down_country_list(', now());
INSERT INTO configuration (configuration_title, configuration_key, configuration_value, configuration_description, configuration_group_id, sort_order, use_function, set_function, date_added) VALUES ('Zone', 'STORE_ZONE', '18', 'The zone my store is located in', '1', '7', 'tep_cfg_get_zone_name', 'tep_cfg_pull_down_zone_list(', now());
INSERT INTO configuration (configuration_title, configuration_key, configuration_value, configuration_description, configuration_group_id, sort_order, set_function, date_added) VALUES ('Expected Sort Order', 'EXPECTED_PRODUCTS_SORT', 'desc', 'This is the sort order used in the expected products box.', '1', '8', 'tep_cfg_select_option(array(\'asc\', \'desc\'), ', now());
INSERT INTO configuration (configuration_title, configuration_key, configuration_value, configuration_description, configuration_group_id, sort_order, set_function, date_added) VALUES ('Expected Sort Field', 'EXPECTED_PRODUCTS_FIELD', 'date_expected', 'The column to sort by in the expected products box.', '1', '9', 'tep_cfg_select_option(array(\'products_name\', \'date_expected\'), ', now());
INSERT INTO configuration (configuration_title, configuration_key, configuration_value, configuration_description, configuration_group_id, sort_order, set_function, date_added) VALUES ('Switch To Default Language Currency', 'USE_DEFAULT_LANGUAGE_CURRENCY', 'false', 'Automatically switch to the language\'s currency when it is changed', '1', '10', 'tep_cfg_select_option(array(\'true\', \'false\'), ', now());
INSERT INTO configuration (configuration_title, configuration_key, configuration_value, configuration_description, configuration_group_id, sort_order, date_added) VALUES ('Send Extra Order Emails To', 'SEND_EXTRA_ORDER_EMAILS_TO', '', 'Send extra order emails to the following email addresses, in this format: Name 1 &lt;email@address1&gt;, Name 2 &lt;email@address2&gt;', '1', '11', now());
INSERT INTO configuration (configuration_title, configuration_key, configuration_value, configuration_description, configuration_group_id, sort_order, set_function, date_added) VALUES ('Use Search-Engine Safe URLs', 'SEARCH_ENGINE_FRIENDLY_URLS', 'false', 'Use search-engine safe urls for all site links', '1', '12', 'tep_cfg_select_option(array(\'true\', \'false\'), ', now());
INSERT INTO configuration (configuration_title, configuration_key, configuration_value, configuration_description, configuration_group_id, sort_order, set_function, date_added) VALUES ('Display Cart After Adding Product', 'DISPLAY_CART', 'true', 'Display the shopping cart after adding a product (or return back to their origin)', '1', '14', 'tep_cfg_select_option(array(\'true\', \'false\'), ', now());
INSERT INTO configuration (configuration_title, configuration_key, configuration_value, configuration_description, configuration_group_id, sort_order, set_function, date_added) VALUES ('Allow Guest To Tell A Friend', 'ALLOW_GUEST_TO_TELL_A_FRIEND', 'false', 'Allow guests to tell a friend about a product', '1', '15', 'tep_cfg_select_option(array(\'true\', \'false\'), ', now());
INSERT INTO configuration (configuration_title, configuration_key, configuration_value, configuration_description, configuration_group_id, sort_order, set_function, date_added) VALUES ('Default Search Operator', 'ADVANCED_SEARCH_DEFAULT_OPERATOR', 'and', 'Default search operators', '1', '17', 'tep_cfg_select_option(array(\'and\', \'or\'), ', now());
INSERT INTO configuration (configuration_title, configuration_key, configuration_value, configuration_description, configuration_group_id, sort_order, set_function, date_added) VALUES ('Store Address and Phone', 'STORE_NAME_ADDRESS', 'Store Name\nAddress\nCountry\nPhone', 'This is the Store Name, Address and Phone used on printable documents and displayed online', '1', '18', 'tep_cfg_textarea(', now());
INSERT INTO configuration (configuration_title, configuration_key, configuration_value, configuration_description, configuration_group_id, sort_order, set_function, date_added) VALUES ('Show Category Counts', 'SHOW_COUNTS', 'true', 'Count recursively how many products are in each category', '1', '19', 'tep_cfg_select_option(array(\'true\', \'false\'), ', now());
INSERT INTO configuration (configuration_title, configuration_key, configuration_value, configuration_description, configuration_group_id, sort_order, date_added) VALUES ('Tax Decimal Places', 'TAX_DECIMAL_PLACES', '0', 'Pad the tax value this amount of decimal places', '1', '20', now());
INSERT INTO configuration (configuration_title, configuration_key, configuration_value, configuration_description, configuration_group_id, sort_order, set_function, date_added) VALUES ('Display Prices with Tax', 'DISPLAY_PRICE_WITH_TAX', 'false', 'Display prices with tax included (true) or add the tax at the end (false)', '1', '21', 'tep_cfg_select_option(array(\'true\', \'false\'), ', now());

INSERT INTO configuration (configuration_title, configuration_key, configuration_value, configuration_description, configuration_group_id, sort_order, date_added) VALUES ('First Name', 'ENTRY_FIRST_NAME_MIN_LENGTH', '2', 'Minimum length of first name', '2', '1', now());
INSERT INTO configuration (configuration_title, configuration_key, configuration_value, configuration_description, configuration_group_id, sort_order, date_added) VALUES ('Last Name', 'ENTRY_LAST_NAME_MIN_LENGTH', '2', 'Minimum length of last name', '2', '2', now());
INSERT INTO configuration (configuration_title, configuration_key, configuration_value, configuration_description, configuration_group_id, sort_order, date_added) VALUES ('Date of Birth', 'ENTRY_DOB_MIN_LENGTH', '10', 'Minimum length of date of birth', '2', '3', now());
INSERT INTO configuration (configuration_title, configuration_key, configuration_value, configuration_description, configuration_group_id, sort_order, date_added) VALUES ('E-Mail Address', 'ENTRY_EMAIL_ADDRESS_MIN_LENGTH', '6', 'Minimum length of e-mail address', '2', '4', now());
INSERT INTO configuration (configuration_title, configuration_key, configuration_value, configuration_description, configuration_group_id, sort_order, date_added) VALUES ('Street Address', 'ENTRY_STREET_ADDRESS_MIN_LENGTH', '5', 'Minimum length of street address', '2', '5', now());
INSERT INTO configuration (configuration_title, configuration_key, configuration_value, configuration_description, configuration_group_id, sort_order, date_added) VALUES ('Company', 'ENTRY_COMPANY_MIN_LENGTH', '2', 'Minimum length of company name', '2', '6', now());
INSERT INTO configuration (configuration_title, configuration_key, configuration_value, configuration_description, configuration_group_id, sort_order, date_added) VALUES ('Post Code', 'ENTRY_POSTCODE_MIN_LENGTH', '4', 'Minimum length of post code', '2', '7', now());
INSERT INTO configuration (configuration_title, configuration_key, configuration_value, configuration_description, configuration_group_id, sort_order, date_added) VALUES ('City', 'ENTRY_CITY_MIN_LENGTH', '3', 'Minimum length of city', '2', '8', now());
INSERT INTO configuration (configuration_title, configuration_key, configuration_value, configuration_description, configuration_group_id, sort_order, date_added) VALUES ('State', 'ENTRY_STATE_MIN_LENGTH', '2', 'Minimum length of state', '2', '9', now());
INSERT INTO configuration (configuration_title, configuration_key, configuration_value, configuration_description, configuration_group_id, sort_order, date_added) VALUES ('Telephone Number', 'ENTRY_TELEPHONE_MIN_LENGTH', '3', 'Minimum length of telephone number', '2', '10', now());
INSERT INTO configuration (configuration_title, configuration_key, configuration_value, configuration_description, configuration_group_id, sort_order, date_added) VALUES ('Password', 'ENTRY_PASSWORD_MIN_LENGTH', '5', 'Minimum length of password', '2', '11', now());
INSERT INTO configuration (configuration_title, configuration_key, configuration_value, configuration_description, configuration_group_id, sort_order, date_added) VALUES ('Credit Card Owner Name', 'CC_OWNER_MIN_LENGTH', '3', 'Minimum length of credit card owner name', '2', '12', now());
INSERT INTO configuration (configuration_title, configuration_key, configuration_value, configuration_description, configuration_group_id, sort_order, date_added) VALUES ('Credit Card Number', 'CC_NUMBER_MIN_LENGTH', '10', 'Minimum length of credit card number', '2', '13', now());
INSERT INTO configuration (configuration_title, configuration_key, configuration_value, configuration_description, configuration_group_id, sort_order, date_added) VALUES ('Review Text', 'REVIEW_TEXT_MIN_LENGTH', '50', 'Minimum length of review text', '2', '14', now());
INSERT INTO configuration (configuration_title, configuration_key, configuration_value, configuration_description, configuration_group_id, sort_order, date_added) VALUES ('Best Sellers', 'MIN_DISPLAY_BESTSELLERS', '1', 'Minimum number of best sellers to display', '2', '15', now());
INSERT INTO configuration (configuration_title, configuration_key, configuration_value, configuration_description, configuration_group_id, sort_order, date_added) VALUES ('Also Purchased', 'MIN_DISPLAY_ALSO_PURCHASED', '1', 'Minimum number of products to display in the \'This Customer Also Purchased\' box', '2', '16', now());

INSERT INTO configuration (configuration_title, configuration_key, configuration_value, configuration_description, configuration_group_id, sort_order, date_added) VALUES ('Address Book Entries', 'MAX_ADDRESS_BOOK_ENTRIES', '5', 'Maximum address book entries a customer is allowed to have', '3', '1', now());
INSERT INTO configuration (configuration_title, configuration_key, configuration_value, configuration_description, configuration_group_id, sort_order, date_added) VALUES ('Search Results', 'MAX_DISPLAY_SEARCH_RESULTS', '20', 'Amount of products to list', '3', '2', now());
INSERT INTO configuration (configuration_title, configuration_key, configuration_value, configuration_description, configuration_group_id, sort_order, date_added) VALUES ('Page Links', 'MAX_DISPLAY_PAGE_LINKS', '5', 'Number of \'number\' links use for page-sets', '3', '3', now());
INSERT INTO configuration (configuration_title, configuration_key, configuration_value, configuration_description, configuration_group_id, sort_order, date_added) VALUES ('Special Products', 'MAX_DISPLAY_SPECIAL_PRODUCTS', '9', 'Maximum number of products on special to display', '3', '4', now());
INSERT INTO configuration (configuration_title, configuration_key, configuration_value, configuration_description, configuration_group_id, sort_order, date_added) VALUES ('New Products Module', 'MAX_DISPLAY_NEW_PRODUCTS', '9', 'Maximum number of new products to display in a category', '3', '5', now());
INSERT INTO configuration (configuration_title, configuration_key, configuration_value, configuration_description, configuration_group_id, sort_order, date_added) VALUES ('Products Expected', 'MAX_DISPLAY_UPCOMING_PRODUCTS', '9', 'Maximum number of products expected to display', '3', '6', now());
INSERT INTO configuration (configuration_title, configuration_key, configuration_value, configuration_description, configuration_group_id, sort_order, date_added) VALUES ('Manufacturers List', 'MAX_DISPLAY_MANUFACTURERS_IN_A_LIST', '0', 'Used in manufacturers box; when the number of manufacturers exceeds this number, a drop-down list will be displayed instead of the default list', '3', '7', now());
INSERT INTO configuration (configuration_title, configuration_key, configuration_value, configuration_description, configuration_group_id, sort_order, date_added) VALUES ('Manufacturers Select Size', 'MAX_MANUFACTURERS_LIST', '1', 'Used in manufacturers box; when this value is \'1\' the classic drop-down list will be used for the manufacturers box. Otherwise, a list-box with the specified number of rows will be displayed.', '3', '7', now());
INSERT INTO configuration (configuration_title, configuration_key, configuration_value, configuration_description, configuration_group_id, sort_order, date_added) VALUES ('Length of Manufacturers Name', 'MAX_DISPLAY_MANUFACTURER_NAME_LEN', '15', 'Used in manufacturers box; maximum length of manufacturers name to display', '3', '8', now());
INSERT INTO configuration (configuration_title, configuration_key, configuration_value, configuration_description, configuration_group_id, sort_order, date_added) VALUES ('New Reviews', 'MAX_DISPLAY_NEW_REVIEWS', '6', 'Maximum number of new reviews to display', '3', '9', now());
INSERT INTO configuration (configuration_title, configuration_key, configuration_value, configuration_description, configuration_group_id, sort_order, date_added) VALUES ('Selection of Random Reviews', 'MAX_RANDOM_SELECT_REVIEWS', '9', 'How many records to select from to choose one random product review', '3', '10', now());
INSERT INTO configuration (configuration_title, configuration_key, configuration_value, configuration_description, configuration_group_id, sort_order, date_added) VALUES ('Selection of Random New Products', 'MAX_RANDOM_SELECT_NEW', '9', 'How many records to select from to choose one random new product to display', '3', '11', now());
INSERT INTO configuration (configuration_title, configuration_key, configuration_value, configuration_description, configuration_group_id, sort_order, date_added) VALUES ('Selection of Products on Special', 'MAX_RANDOM_SELECT_SPECIALS', '9', 'How many records to select from to choose one random product special to display', '3', '12', now());
INSERT INTO configuration (configuration_title, configuration_key, configuration_value, configuration_description, configuration_group_id, sort_order, date_added) VALUES ('Categories To List Per Row', 'MAX_DISPLAY_CATEGORIES_PER_ROW', '3', 'How many categories to list per row', '3', '13', now());
INSERT INTO configuration (configuration_title, configuration_key, configuration_value, configuration_description, configuration_group_id, sort_order, date_added) VALUES ('New Products Listing', 'MAX_DISPLAY_PRODUCTS_NEW', '9', 'Maximum number of new products to display in new products page', '3', '14', now());
INSERT INTO configuration (configuration_title, configuration_key, configuration_value, configuration_description, configuration_group_id, sort_order, date_added) VALUES ('Best Sellers', 'MAX_DISPLAY_BESTSELLERS', '9', 'Maximum number of best sellers to display', '3', '15', now());
INSERT INTO configuration (configuration_title, configuration_key, configuration_value, configuration_description, configuration_group_id, sort_order, date_added) VALUES ('Also Purchased', 'MAX_DISPLAY_ALSO_PURCHASED', '6', 'Maximum number of products to display in the \'This Customer Also Purchased\' box', '3', '16', now());
INSERT INTO configuration (configuration_title, configuration_key, configuration_value, configuration_description, configuration_group_id, sort_order, date_added) VALUES ('Customer Order History Box', 'MAX_DISPLAY_PRODUCTS_IN_ORDER_HISTORY_BOX', '6', 'Maximum number of products to display in the customer order history box', '3', '17', now());
INSERT INTO configuration (configuration_title, configuration_key, configuration_value, configuration_description, configuration_group_id, sort_order, date_added) VALUES ('Order History', 'MAX_DISPLAY_ORDER_HISTORY', '10', 'Maximum number of orders to display in the order history page', '3', '18', now());
INSERT INTO configuration (configuration_title, configuration_key, configuration_value, configuration_description, configuration_group_id, sort_order, date_added) VALUES ('Product Quantities In Shopping Cart', 'MAX_QTY_IN_CART', '99', 'Maximum number of product quantities that can be added to the shopping cart (0 for no limit)', '3', '19', now());

INSERT INTO configuration (configuration_title, configuration_key, configuration_value, configuration_description, configuration_group_id, sort_order, date_added) VALUES ('Small Image Width', 'SMALL_IMAGE_WIDTH', '100', 'The pixel width of small images', '4', '1', now());
INSERT INTO configuration (configuration_title, configuration_key, configuration_value, configuration_description, configuration_group_id, sort_order, date_added) VALUES ('Small Image Height', 'SMALL_IMAGE_HEIGHT', '80', 'The pixel height of small images', '4', '2', now());
INSERT INTO configuration (configuration_title, configuration_key, configuration_value, configuration_description, configuration_group_id, sort_order, date_added) VALUES ('Heading Image Width', 'HEADING_IMAGE_WIDTH', '57', 'The pixel width of heading images', '4', '3', now());
INSERT INTO configuration (configuration_title, configuration_key, configuration_value, configuration_description, configuration_group_id, sort_order, date_added) VALUES ('Heading Image Height', 'HEADING_IMAGE_HEIGHT', '40', 'The pixel height of heading images', '4', '4', now());
INSERT INTO configuration (configuration_title, configuration_key, configuration_value, configuration_description, configuration_group_id, sort_order, date_added) VALUES ('Subcategory Image Width', 'SUBCATEGORY_IMAGE_WIDTH', '100', 'The pixel width of subcategory images', '4', '5', now());
INSERT INTO configuration (configuration_title, configuration_key, configuration_value, configuration_description, configuration_group_id, sort_order, date_added) VALUES ('Subcategory Image Height', 'SUBCATEGORY_IMAGE_HEIGHT', '57', 'The pixel height of subcategory images', '4', '6', now());
INSERT INTO configuration (configuration_title, configuration_key, configuration_value, configuration_description, configuration_group_id, sort_order, set_function, date_added) VALUES ('Calculate Image Size', 'CONFIG_CALCULATE_IMAGE_SIZE', 'true', 'Calculate the size of images?', '4', '7', 'tep_cfg_select_option(array(\'true\', \'false\'), ', now());
INSERT INTO configuration (configuration_title, configuration_key, configuration_value, configuration_description, configuration_group_id, sort_order, set_function, date_added) VALUES ('Image Required', 'IMAGE_REQUIRED', 'true', 'Enable to display broken images. Good for development.', '4', '8', 'tep_cfg_select_option(array(\'true\', \'false\'), ', now());

INSERT INTO configuration (configuration_title, configuration_key, configuration_value, configuration_description, configuration_group_id, sort_order, set_function, date_added) VALUES ('Gender', 'ACCOUNT_GENDER', 'true', 'Display gender in the customers account', '5', '1', 'tep_cfg_select_option(array(\'true\', \'false\'), ', now());
INSERT INTO configuration (configuration_title, configuration_key, configuration_value, configuration_description, configuration_group_id, sort_order, set_function, date_added) VALUES ('Date of Birth', 'ACCOUNT_DOB', 'true', 'Display date of birth in the customers account', '5', '2', 'tep_cfg_select_option(array(\'true\', \'false\'), ', now());
INSERT INTO configuration (configuration_title, configuration_key, configuration_value, configuration_description, configuration_group_id, sort_order, set_function, date_added) VALUES ('Company', 'ACCOUNT_COMPANY', 'true', 'Display company in the customers account', '5', '3', 'tep_cfg_select_option(array(\'true\', \'false\'), ', now());
INSERT INTO configuration (configuration_title, configuration_key, configuration_value, configuration_description, configuration_group_id, sort_order, set_function, date_added) VALUES ('Suburb', 'ACCOUNT_SUBURB', 'true', 'Display suburb in the customers account', '5', '4', 'tep_cfg_select_option(array(\'true\', \'false\'), ', now());
INSERT INTO configuration (configuration_title, configuration_key, configuration_value, configuration_description, configuration_group_id, sort_order, set_function, date_added) VALUES ('State', 'ACCOUNT_STATE', 'true', 'Display state in the customers account', '5', '5', 'tep_cfg_select_option(array(\'true\', \'false\'), ', now());

INSERT INTO configuration (configuration_title, configuration_key, configuration_value, configuration_description, configuration_group_id, sort_order, date_added) VALUES ('Installed Modules', 'MODULE_PAYMENT_INSTALLED', 'cod.php;paypal_express.php', 'List of payment module filenames separated by a semi-colon. This is automatically updated. No need to edit. (Example: cod.php;paypal_express.php)', '6', '0', now());
INSERT INTO configuration (configuration_title, configuration_key, configuration_value, configuration_description, configuration_group_id, sort_order, date_added) VALUES ('Installed Modules', 'MODULE_ORDER_TOTAL_INSTALLED', 'ot_subtotal.php;ot_tax.php;ot_shipping.php;ot_total.php', 'List of order_total module filenames separated by a semi-colon. This is automatically updated. No need to edit. (Example: ot_subtotal.php;ot_tax.php;ot_shipping.php;ot_total.php)', '6', '0', now());
INSERT INTO configuration (configuration_title, configuration_key, configuration_value, configuration_description, configuration_group_id, sort_order, date_added) VALUES ('Installed Modules', 'MODULE_SHIPPING_INSTALLED', 'flat.php', 'List of shipping module filenames separated by a semi-colon. This is automatically updated. No need to edit. (Example: ups.php;flat.php;item.php)', '6', '0', now());
INSERT INTO configuration (configuration_title, configuration_key, configuration_value, configuration_description, configuration_group_id, sort_order, date_added) VALUES ('Installed Modules', 'MODULE_ACTION_RECORDER_INSTALLED', 'ar_admin_login.php;ar_contact_us.php;ar_reset_password.php;ar_tell_a_friend.php;ar_testimonial.php', 'List of action recorder module filenames separated by a semi-colon. This is automatically updated. No need to edit.', '6', '0', now());
INSERT INTO configuration (configuration_title, configuration_key, configuration_value, configuration_description, configuration_group_id, sort_order, date_added) VALUES ('Installed Modules', 'MODULE_SOCIAL_BOOKMARKS_INSTALLED', 'sb_email.php;sb_facebook.php;sb_google_plus_share.php;sb_pinterest.php;sb_twitter.php', 'List of social bookmark module filenames separated by a semi-colon. This is automatically updated. No need to edit.', '6', '0', now());
INSERT INTO configuration (configuration_title, configuration_key, configuration_value, configuration_description, configuration_group_id, sort_order, set_function, date_added) VALUES ('Enable Cash On Delivery Module', 'MODULE_PAYMENT_COD_STATUS', 'True', 'Do you want to accept Cash On Delevery payments?', '6', '1', 'tep_cfg_select_option(array(\'True\', \'False\'), ', now());
INSERT INTO configuration (configuration_title, configuration_key, configuration_value, configuration_description, configuration_group_id, sort_order, use_function, set_function, date_added) VALUES ('Payment Zone', 'MODULE_PAYMENT_COD_ZONE', '0', 'If a zone is selected, only enable this payment method for that zone.', '6', '2', 'tep_get_zone_class_title', 'tep_cfg_pull_down_zone_classes(', now());
INSERT INTO configuration (configuration_title, configuration_key, configuration_value, configuration_description, configuration_group_id, sort_order, date_added) VALUES ('Sort order of display.', 'MODULE_PAYMENT_COD_SORT_ORDER', '0', 'Sort order of display. Lowest is displayed first.', '6', '0', now());
INSERT INTO configuration (configuration_title, configuration_key, configuration_value, configuration_description, configuration_group_id, sort_order, set_function, use_function, date_added) VALUES ('Set Order Status', 'MODULE_PAYMENT_COD_ORDER_STATUS_ID', '0', 'Set the status of orders made with this payment module to this value', '6', '0', 'tep_cfg_pull_down_order_statuses(', 'tep_get_order_status_name', now());
INSERT INTO configuration (configuration_title, configuration_key, configuration_value, configuration_description, configuration_group_id, sort_order, set_function, date_added) VALUES ('Enable Flat Shipping', 'MODULE_SHIPPING_FLAT_STATUS', 'True', 'Do you want to offer flat rate shipping?', '6', '0', 'tep_cfg_select_option(array(\'True\', \'False\'), ', now());
INSERT INTO configuration (configuration_title, configuration_key, configuration_value, configuration_description, configuration_group_id, sort_order, date_added) VALUES ('Shipping Cost', 'MODULE_SHIPPING_FLAT_COST', '5.00', 'The shipping cost for all orders using this shipping method.', '6', '0', now());
INSERT INTO configuration (configuration_title, configuration_key, configuration_value, configuration_description, configuration_group_id, sort_order, use_function, set_function, date_added) VALUES ('Tax Class', 'MODULE_SHIPPING_FLAT_TAX_CLASS', '0', 'Use the following tax class on the shipping fee.', '6', '0', 'tep_get_tax_class_title', 'tep_cfg_pull_down_tax_classes(', now());
INSERT INTO configuration (configuration_title, configuration_key, configuration_value, configuration_description, configuration_group_id, sort_order, use_function, set_function, date_added) VALUES ('Shipping Zone', 'MODULE_SHIPPING_FLAT_ZONE', '0', 'If a zone is selected, only enable this shipping method for that zone.', '6', '0', 'tep_get_zone_class_title', 'tep_cfg_pull_down_zone_classes(', now());
INSERT INTO configuration (configuration_title, configuration_key, configuration_value, configuration_description, configuration_group_id, sort_order, date_added) VALUES ('Sort Order', 'MODULE_SHIPPING_FLAT_SORT_ORDER', '0', 'Sort order of display.', '6', '0', now());
INSERT INTO configuration (configuration_title, configuration_key, configuration_value, configuration_description, configuration_group_id, sort_order, date_added) VALUES ('Default Currency', 'DEFAULT_CURRENCY', 'USD', 'Default Currency', '6', '0', now());
INSERT INTO configuration (configuration_title, configuration_key, configuration_value, configuration_description, configuration_group_id, sort_order, date_added) VALUES ('Default Language', 'DEFAULT_LANGUAGE', 'en', 'Default Language', '6', '0', now());
INSERT INTO configuration (configuration_title, configuration_key, configuration_value, configuration_description, configuration_group_id, sort_order, date_added) VALUES ('Default Order Status For New Orders', 'DEFAULT_ORDERS_STATUS_ID', '1', 'When a new order is created, this order status will be assigned to it.', '6', '0', now());
INSERT INTO configuration (configuration_title, configuration_key, configuration_value, configuration_description, configuration_group_id, sort_order, set_function, date_added) VALUES ('Display Shipping', 'MODULE_ORDER_TOTAL_SHIPPING_STATUS', 'true', 'Do you want to display the order shipping cost?', '6', '1','tep_cfg_select_option(array(\'true\', \'false\'), ', now());
INSERT INTO configuration (configuration_title, configuration_key, configuration_value, configuration_description, configuration_group_id, sort_order, date_added) VALUES ('Sort Order', 'MODULE_ORDER_TOTAL_SHIPPING_SORT_ORDER', '2', 'Sort order of display.', '6', '2', now());
INSERT INTO configuration (configuration_title, configuration_key, configuration_value, configuration_description, configuration_group_id, sort_order, set_function, date_added) VALUES ('Allow Free Shipping', 'MODULE_ORDER_TOTAL_SHIPPING_FREE_SHIPPING', 'false', 'Do you want to allow free shipping?', '6', '3', 'tep_cfg_select_option(array(\'true\', \'false\'), ', now());
INSERT INTO configuration (configuration_title, configuration_key, configuration_value, configuration_description, configuration_group_id, sort_order, use_function, date_added) VALUES ('Free Shipping For Orders Over', 'MODULE_ORDER_TOTAL_SHIPPING_FREE_SHIPPING_OVER', '50', 'Provide free shipping for orders over the set amount.', '6', '4', 'currencies->format', now());
INSERT INTO configuration (configuration_title, configuration_key, configuration_value, configuration_description, configuration_group_id, sort_order, set_function, date_added) VALUES ('Provide Free Shipping For Orders Made', 'MODULE_ORDER_TOTAL_SHIPPING_DESTINATION', 'national', 'Provide free shipping for orders sent to the set destination.', '6', '5', 'tep_cfg_select_option(array(\'national\', \'international\', \'both\'), ', now());
INSERT INTO configuration (configuration_title, configuration_key, configuration_value, configuration_description, configuration_group_id, sort_order, set_function, date_added) VALUES ('Display Sub-Total', 'MODULE_ORDER_TOTAL_SUBTOTAL_STATUS', 'true', 'Do you want to display the order sub-total cost?', '6', '1','tep_cfg_select_option(array(\'true\', \'false\'), ', now());
INSERT INTO configuration (configuration_title, configuration_key, configuration_value, configuration_description, configuration_group_id, sort_order, date_added) VALUES ('Sort Order', 'MODULE_ORDER_TOTAL_SUBTOTAL_SORT_ORDER', '1', 'Sort order of display.', '6', '2', now());
INSERT INTO configuration (configuration_title, configuration_key, configuration_value, configuration_description, configuration_group_id, sort_order, set_function, date_added) VALUES ('Display Tax', 'MODULE_ORDER_TOTAL_TAX_STATUS', 'true', 'Do you want to display the order tax value?', '6', '1','tep_cfg_select_option(array(\'true\', \'false\'), ', now());
INSERT INTO configuration (configuration_title, configuration_key, configuration_value, configuration_description, configuration_group_id, sort_order, date_added) VALUES ('Sort Order', 'MODULE_ORDER_TOTAL_TAX_SORT_ORDER', '3', 'Sort order of display.', '6', '2', now());
INSERT INTO configuration (configuration_title, configuration_key, configuration_value, configuration_description, configuration_group_id, sort_order, set_function, date_added) VALUES ('Display Total', 'MODULE_ORDER_TOTAL_TOTAL_STATUS', 'true', 'Do you want to display the total order value?', '6', '1','tep_cfg_select_option(array(\'true\', \'false\'), ', now());
INSERT INTO configuration (configuration_title, configuration_key, configuration_value, configuration_description, configuration_group_id, sort_order, date_added) VALUES ('Sort Order', 'MODULE_ORDER_TOTAL_TOTAL_SORT_ORDER', '4', 'Sort order of display.', '6', '2', now());
INSERT INTO configuration (configuration_title, configuration_key, configuration_value, configuration_description, configuration_group_id, sort_order, date_added) VALUES ('Minimum Minutes Per E-Mail', 'MODULE_ACTION_RECORDER_CONTACT_US_EMAIL_MINUTES', '15', 'Minimum number of minutes to allow 1 e-mail to be sent (eg, 15 for 1 e-mail every 15 minutes)', '6', '0', now());
INSERT INTO configuration (configuration_title, configuration_key, configuration_value, configuration_description, configuration_group_id, sort_order, date_added) VALUES ('Minimum Minutes Per Testimonial', 'MODULE_ACTION_RECORDER_TESTIMONIAL_MINUTES', '15', 'Minimum number of minutes to allow 1 testimonial to be sent (eg, 15 for 1 e-mail every 15 minutes)', '6', '0', now());
INSERT INTO configuration (configuration_title, configuration_key, configuration_value, configuration_description, configuration_group_id, sort_order, date_added) VALUES ('Minimum Minutes Per E-Mail', 'MODULE_ACTION_RECORDER_TELL_A_FRIEND_EMAIL_MINUTES', '15', 'Minimum number of minutes to allow 1 e-mail to be sent (eg, 15 for 1 e-mail every 15 minutes)', '6', '0', now());
INSERT INTO configuration (configuration_title, configuration_key, configuration_value, configuration_description, configuration_group_id, sort_order, date_added) VALUES ('Allowed Minutes', 'MODULE_ACTION_RECORDER_ADMIN_LOGIN_MINUTES', '5', 'Number of minutes to allow login attempts to occur.', '6', '0', now());
INSERT INTO configuration (configuration_title, configuration_key, configuration_value, configuration_description, configuration_group_id, sort_order, date_added) VALUES ('Allowed Attempts', 'MODULE_ACTION_RECORDER_ADMIN_LOGIN_ATTEMPTS', '3', 'Number of login attempts to allow within the specified period.', '6', '0', now());
INSERT INTO configuration (configuration_title, configuration_key, configuration_value, configuration_description, configuration_group_id, sort_order, date_added) VALUES ('Allowed Minutes', 'MODULE_ACTION_RECORDER_RESET_PASSWORD_MINUTES', '5', 'Number of minutes to allow password resets to occur.', '6', '0', now());
INSERT INTO configuration (configuration_title, configuration_key, configuration_value, configuration_description, configuration_group_id, sort_order, date_added) VALUES ('Allowed Attempts', 'MODULE_ACTION_RECORDER_RESET_PASSWORD_ATTEMPTS', '1', 'Number of password reset attempts to allow within the specified period.', '6', '0', now());
INSERT INTO configuration (configuration_title, configuration_key, configuration_value, configuration_description, configuration_group_id, sort_order, set_function, date_added) values ('Enable E-Mail Module', 'MODULE_SOCIAL_BOOKMARKS_EMAIL_STATUS', 'True', 'Do you want to allow products to be shared through e-mail?', '6', '1', 'tep_cfg_select_option(array(\'True\', \'False\'), ', now());
INSERT INTO configuration (configuration_title, configuration_key, configuration_value, configuration_description, configuration_group_id, sort_order, date_added) values ('Sort Order', 'MODULE_SOCIAL_BOOKMARKS_EMAIL_SORT_ORDER', '10', 'Sort order of display. Lowest is displayed first.', '6', '0', now());
INSERT INTO configuration (configuration_title, configuration_key, configuration_value, configuration_description, configuration_group_id, sort_order, set_function, date_added) values ('Enable Google+ Share Module', 'MODULE_SOCIAL_BOOKMARKS_GOOGLE_PLUS_SHARE_STATUS', 'True', 'Do you want to allow products to be shared through Google+?', '6', '1', 'tep_cfg_select_option(array(\'True\', \'False\'), ', now());
INSERT INTO configuration (configuration_title, configuration_key, configuration_value, configuration_description, configuration_group_id, sort_order, set_function, date_added) values ('Annotation', 'MODULE_SOCIAL_BOOKMARKS_GOOGLE_PLUS_SHARE_ANNOTATION', 'None', 'The annotation to display next to the button.', '6', '1', 'tep_cfg_select_option(array(\'Inline\', \'Bubble\', \'Vertical-Bubble\', \'None\'), ', now());
INSERT INTO configuration (configuration_title, configuration_key, configuration_value, configuration_description, configuration_group_id, sort_order, date_added) values ('Width', 'MODULE_SOCIAL_BOOKMARKS_GOOGLE_PLUS_SHARE_WIDTH', '', 'The maximum width of the button.', '6', '0', now());
INSERT INTO configuration (configuration_title, configuration_key, configuration_value, configuration_description, configuration_group_id, sort_order, set_function, date_added) values ('Height', 'MODULE_SOCIAL_BOOKMARKS_GOOGLE_PLUS_SHARE_HEIGHT', '15', 'Sets the height of the button.', '6', '1', 'tep_cfg_select_option(array(\'15\', \'20\', \'24\', \'60\'), ', now());
INSERT INTO configuration (configuration_title, configuration_key, configuration_value, configuration_description, configuration_group_id, sort_order, set_function, date_added) values ('Alignment', 'MODULE_SOCIAL_BOOKMARKS_GOOGLE_PLUS_SHARE_ALIGN', 'Left', 'The alignment of the button assets.', '6', '1', 'tep_cfg_select_option(array(\'Left\', \'Right\'), ', now());
INSERT INTO configuration (configuration_title, configuration_key, configuration_value, configuration_description, configuration_group_id, sort_order, date_added) values ('Sort Order', 'MODULE_SOCIAL_BOOKMARKS_GOOGLE_PLUS_SHARE_SORT_ORDER', '20', 'Sort order of display. Lowest is displayed first.', '6', '0', now());
INSERT INTO configuration (configuration_title, configuration_key, configuration_value, configuration_description, configuration_group_id, sort_order, set_function, date_added) values ('Enable Facebook Module', 'MODULE_SOCIAL_BOOKMARKS_FACEBOOK_STATUS', 'True', 'Do you want to allow products to be shared through Facebook?', '6', '1', 'tep_cfg_select_option(array(\'True\', \'False\'), ', now());
INSERT INTO configuration (configuration_title, configuration_key, configuration_value, configuration_description, configuration_group_id, sort_order, date_added) values ('Sort Order', 'MODULE_SOCIAL_BOOKMARKS_FACEBOOK_SORT_ORDER', '30', 'Sort order of display. Lowest is displayed first.', '6', '0', now());
INSERT INTO configuration (configuration_title, configuration_key, configuration_value, configuration_description, configuration_group_id, sort_order, set_function, date_added) values ('Enable Twitter Module', 'MODULE_SOCIAL_BOOKMARKS_TWITTER_STATUS', 'True', 'Do you want to allow products to be shared through Twitter?', '6', '1', 'tep_cfg_select_option(array(\'True\', \'False\'), ', now());
INSERT INTO configuration (configuration_title, configuration_key, configuration_value, configuration_description, configuration_group_id, sort_order, date_added) values ('Sort Order', 'MODULE_SOCIAL_BOOKMARKS_TWITTER_SORT_ORDER', '40', 'Sort order of display. Lowest is displayed first.', '6', '0', now());
INSERT INTO configuration (configuration_title, configuration_key, configuration_value, configuration_description, configuration_group_id, sort_order, set_function, date_added) values ('Enable Pinterest Module', 'MODULE_SOCIAL_BOOKMARKS_PINTEREST_STATUS', 'True', 'Do you want to allow Pinterest Button?', '6', '1', 'tep_cfg_select_option(array(\'True\', \'False\'), ', now());
INSERT INTO configuration (configuration_title, configuration_key, configuration_value, configuration_description, configuration_group_id, sort_order, set_function, date_added) values ('Layout Position', 'MODULE_SOCIAL_BOOKMARKS_PINTEREST_BUTTON_COUNT_POSITION', 'None', 'Horizontal or Vertical or None', '6', '2', 'tep_cfg_select_option(array(\'Horizontal\', \'Vertical\', \'None\'), ', now());
INSERT INTO configuration (configuration_title, configuration_key, configuration_value, configuration_description, configuration_group_id, sort_order, date_added) values ('Sort Order', 'MODULE_SOCIAL_BOOKMARKS_PINTEREST_SORT_ORDER', '50', 'Sort order of display. Lowest is displayed first.', '6', '0', now());

INSERT INTO configuration (configuration_title, configuration_key, configuration_value, configuration_description, configuration_group_id, sort_order, use_function, set_function, date_added) VALUES ('Country of Origin', 'SHIPPING_ORIGIN_COUNTRY', '223', 'Select the country of origin to be used in shipping quotes.', '7', '1', 'tep_get_country_name', 'tep_cfg_pull_down_country_list(', now());
INSERT INTO configuration (configuration_title, configuration_key, configuration_value, configuration_description, configuration_group_id, sort_order, date_added) VALUES ('Postal Code', 'SHIPPING_ORIGIN_ZIP', 'NONE', 'Enter the Postal Code (ZIP) of the Store to be used in shipping quotes.', '7', '2', now());
INSERT INTO configuration (configuration_title, configuration_key, configuration_value, configuration_description, configuration_group_id, sort_order, date_added) VALUES ('Enter the Maximum Package Weight you will ship', 'SHIPPING_MAX_WEIGHT', '50', 'Carriers have a max weight limit for a single package. This is a common one for all.', '7', '3', now());
INSERT INTO configuration (configuration_title, configuration_key, configuration_value, configuration_description, configuration_group_id, sort_order, date_added) VALUES ('Package Tare weight.', 'SHIPPING_BOX_WEIGHT', '3', 'What is the weight of typical packaging of small to medium packages?', '7', '4', now());
INSERT INTO configuration (configuration_title, configuration_key, configuration_value, configuration_description, configuration_group_id, sort_order, date_added) VALUES ('Larger packages - percentage increase.', 'SHIPPING_BOX_PADDING', '10', 'For 10% enter 10', '7', '5', now());
INSERT INTO configuration (configuration_title, configuration_key, configuration_value, configuration_description, configuration_group_id, sort_order, set_function, date_added) values ('Allow Orders Not Matching Defined Shipping Zones ', 'SHIPPING_ALLOW_UNDEFINED_ZONES', 'False', 'Should orders be allowed to shipping addresses not matching defined shipping module shipping zones?', '7', '5', 'tep_cfg_select_option(array(\'True\', \'False\'), ', now());

INSERT INTO configuration (configuration_title, configuration_key, configuration_value, configuration_description, configuration_group_id, sort_order, date_added) VALUES ('Display Product Image', 'PRODUCT_LIST_IMAGE', '1', 'Do you want to display the Product Image?', '8', '1', now());
INSERT INTO configuration (configuration_title, configuration_key, configuration_value, configuration_description, configuration_group_id, sort_order, date_added) VALUES ('Display Product Manufacturer Name','PRODUCT_LIST_MANUFACTURER', '0', 'Do you want to display the Product Manufacturer Name?', '8', '2', now());
INSERT INTO configuration (configuration_title, configuration_key, configuration_value, configuration_description, configuration_group_id, sort_order, date_added) VALUES ('Display Product Model', 'PRODUCT_LIST_MODEL', '0', 'Do you want to display the Product Model?', '8', '3', now());
INSERT INTO configuration (configuration_title, configuration_key, configuration_value, configuration_description, configuration_group_id, sort_order, date_added) VALUES ('Display Product Name', 'PRODUCT_LIST_NAME', '2', 'Do you want to display the Product Name?', '8', '4', now());
INSERT INTO configuration (configuration_title, configuration_key, configuration_value, configuration_description, configuration_group_id, sort_order, date_added) VALUES ('Display Product Price', 'PRODUCT_LIST_PRICE', '3', 'Do you want to display the Product Price', '8', '5', now());
INSERT INTO configuration (configuration_title, configuration_key, configuration_value, configuration_description, configuration_group_id, sort_order, date_added) VALUES ('Display Product Quantity', 'PRODUCT_LIST_QUANTITY', '0', 'Do you want to display the Product Quantity?', '8', '6', now());
INSERT INTO configuration (configuration_title, configuration_key, configuration_value, configuration_description, configuration_group_id, sort_order, date_added) VALUES ('Display Product Weight', 'PRODUCT_LIST_WEIGHT', '0', 'Do you want to display the Product Weight?', '8', '7', now());
INSERT INTO configuration (configuration_title, configuration_key, configuration_value, configuration_description, configuration_group_id, sort_order, date_added) VALUES ('Display Buy Now column', 'PRODUCT_LIST_BUY_NOW', '4', 'Do you want to display the Buy Now column?', '8', '8', now());
INSERT INTO configuration (configuration_title, configuration_key, configuration_value, configuration_description, configuration_group_id, sort_order, date_added) VALUES ('Display Category/Manufacturer Filter (0=disable; 1=enable)', 'PRODUCT_LIST_FILTER', '1', 'Do you want to display the Category/Manufacturer Filter?', '8', '9', now());
INSERT INTO configuration (configuration_title, configuration_key, configuration_value, configuration_description, configuration_group_id, sort_order, date_added) VALUES ('Location of Prev/Next Navigation Bar (1-top, 2-bottom, 3-both)', 'PREV_NEXT_BAR_LOCATION', '2', 'Sets the location of the Prev/Next Navigation Bar (1-top, 2-bottom, 3-both)', '8', '10', now());

INSERT INTO configuration (configuration_title, configuration_key, configuration_value, configuration_description, configuration_group_id, sort_order, set_function, date_added) VALUES ('Check stock level', 'STOCK_CHECK', 'true', 'Check to see if sufficent stock is available', '9', '1', 'tep_cfg_select_option(array(\'true\', \'false\'), ', now());
INSERT INTO configuration (configuration_title, configuration_key, configuration_value, configuration_description, configuration_group_id, sort_order, set_function, date_added) VALUES ('Subtract stock', 'STOCK_LIMITED', 'true', 'Subtract product in stock by product orders', '9', '2', 'tep_cfg_select_option(array(\'true\', \'false\'), ', now());
INSERT INTO configuration (configuration_title, configuration_key, configuration_value, configuration_description, configuration_group_id, sort_order, set_function, date_added) VALUES ('Allow Checkout', 'STOCK_ALLOW_CHECKOUT', 'true', 'Allow customer to checkout even if there is insufficient stock', '9', '3', 'tep_cfg_select_option(array(\'true\', \'false\'), ', now());
INSERT INTO configuration (configuration_title, configuration_key, configuration_value, configuration_description, configuration_group_id, sort_order, date_added) VALUES ('Mark product out of stock', 'STOCK_MARK_PRODUCT_OUT_OF_STOCK', '***', 'Display something on screen so customer can see which product has insufficient stock', '9', '4', now());
INSERT INTO configuration (configuration_title, configuration_key, configuration_value, configuration_description, configuration_group_id, sort_order, date_added) VALUES ('Stock Re-order level', 'STOCK_REORDER_LEVEL', '5', 'Define when stock needs to be re-ordered', '9', '5', now());

INSERT INTO configuration (configuration_title, configuration_key, configuration_value, configuration_description, configuration_group_id, sort_order, set_function, date_added) VALUES ('Store Page Parse Time', 'STORE_PAGE_PARSE_TIME', 'false', 'Store the time it takes to parse a page', '10', '1', 'tep_cfg_select_option(array(\'true\', \'false\'), ', now());
INSERT INTO configuration (configuration_title, configuration_key, configuration_value, configuration_description, configuration_group_id, sort_order, date_added) VALUES ('Log Destination', 'STORE_PAGE_PARSE_TIME_LOG', '/var/log/www/tep/page_parse_time.log', 'Directory and filename of the page parse time log', '10', '2', now());
INSERT INTO configuration (configuration_title, configuration_key, configuration_value, configuration_description, configuration_group_id, sort_order, date_added) VALUES ('Log Date Format', 'STORE_PARSE_DATE_TIME_FORMAT', '%d/%m/%Y %H:%M:%S', 'The date format', '10', '3', now());
INSERT INTO configuration (configuration_title, configuration_key, configuration_value, configuration_description, configuration_group_id, sort_order, set_function, date_added) VALUES ('Display The Page Parse Time', 'DISPLAY_PAGE_PARSE_TIME', 'true', 'Display the page parse time (store page parse time must be enabled)', '10', '4', 'tep_cfg_select_option(array(\'true\', \'false\'), ', now());
INSERT INTO configuration (configuration_title, configuration_key, configuration_value, configuration_description, configuration_group_id, sort_order, set_function, date_added) VALUES ('Store Database Queries', 'STORE_DB_TRANSACTIONS', 'false', 'Store the database queries in the page parse time log', '10', '5', 'tep_cfg_select_option(array(\'true\', \'false\'), ', now());

INSERT INTO configuration (configuration_title, configuration_key, configuration_value, configuration_description, configuration_group_id, sort_order, set_function, date_added) VALUES ('Use Cache', 'USE_CACHE', 'false', 'Use caching features', '11', '1', 'tep_cfg_select_option(array(\'true\', \'false\'), ', now());
INSERT INTO configuration (configuration_title, configuration_key, configuration_value, configuration_description, configuration_group_id, sort_order, date_added) VALUES ('Cache Directory', 'DIR_FS_CACHE', '/tmp/', 'The directory where the cached files are saved', '11', '2', now());

INSERT INTO configuration (configuration_title, configuration_key, configuration_value, configuration_description, configuration_group_id, sort_order, set_function, date_added) VALUES ('E-Mail Transport Method', 'EMAIL_TRANSPORT', 'sendmail', 'Defines if this server uses a local connection to sendmail or uses an SMTP connection via TCP/IP. Servers running on Windows and MacOS should change this setting to SMTP.', '12', '1', 'tep_cfg_select_option(array(\'sendmail\', \'smtp\'),', now());
INSERT INTO configuration (configuration_title, configuration_key, configuration_value, configuration_description, configuration_group_id, sort_order, set_function, date_added) VALUES ('E-Mail Linefeeds', 'EMAIL_LINEFEED', 'LF', 'Defines the character sequence used to separate mail headers.', '12', '2', 'tep_cfg_select_option(array(\'LF\', \'CRLF\'),', now());
INSERT INTO configuration (configuration_title, configuration_key, configuration_value, configuration_description, configuration_group_id, sort_order, set_function, date_added) VALUES ('Use MIME HTML When Sending Emails', 'EMAIL_USE_HTML', 'false', 'Send e-mails in HTML format', '12', '3', 'tep_cfg_select_option(array(\'true\', \'false\'),', now());
INSERT INTO configuration (configuration_title, configuration_key, configuration_value, configuration_description, configuration_group_id, sort_order, set_function, date_added) VALUES ('Verify E-Mail Addresses Through DNS', 'ENTRY_EMAIL_ADDRESS_CHECK', 'false', 'Verify e-mail address through a DNS server', '12', '4', 'tep_cfg_select_option(array(\'true\', \'false\'), ', now());
INSERT INTO configuration (configuration_title, configuration_key, configuration_value, configuration_description, configuration_group_id, sort_order, set_function, date_added) VALUES ('Send E-Mails', 'SEND_EMAILS', 'true', 'Send out e-mails', '12', '5', 'tep_cfg_select_option(array(\'true\', \'false\'), ', now());

INSERT INTO configuration (configuration_title, configuration_key, configuration_value, configuration_description, configuration_group_id, sort_order, set_function, date_added) VALUES ('Enable download', 'DOWNLOAD_ENABLED', 'false', 'Enable the products download functions.', '13', '1', 'tep_cfg_select_option(array(\'true\', \'false\'), ', now());
INSERT INTO configuration (configuration_title, configuration_key, configuration_value, configuration_description, configuration_group_id, sort_order, set_function, date_added) VALUES ('Download by redirect', 'DOWNLOAD_BY_REDIRECT', 'false', 'Use browser redirection for download. Disable on non-Unix systems.', '13', '2', 'tep_cfg_select_option(array(\'true\', \'false\'), ', now());
INSERT INTO configuration (configuration_title, configuration_key, configuration_value, configuration_description, configuration_group_id, sort_order, set_function, date_added) VALUES ('Expiry delay (days)' ,'DOWNLOAD_MAX_DAYS', '7', 'Set number of days before the download link expires. 0 means no limit.', '13', '3', '', now());
INSERT INTO configuration (configuration_title, configuration_key, configuration_value, configuration_description, configuration_group_id, sort_order, set_function, date_added) VALUES ('Maximum number of downloads' ,'DOWNLOAD_MAX_COUNT', '5', 'Set the maximum number of downloads. 0 means no download authorized.', '13', '4', '', now());

INSERT INTO configuration (configuration_title, configuration_key, configuration_value, configuration_description, configuration_group_id, sort_order, set_function, date_added) VALUES ('Enable GZip Compression', 'GZIP_COMPRESSION', 'false', 'Enable HTTP GZip compression.', '14', '1', 'tep_cfg_select_option(array(\'true\', \'false\'), ', now());
INSERT INTO configuration (configuration_title, configuration_key, configuration_value, configuration_description, configuration_group_id, sort_order, date_added) VALUES ('Compression Level', 'GZIP_LEVEL', '5', 'Use this compression level 0-9 (0 = minimum, 9 = maximum).', '14', '2', now());

INSERT INTO configuration (configuration_title, configuration_key, configuration_value, configuration_description, configuration_group_id, sort_order, date_added) VALUES ('Session Directory', 'SESSION_WRITE_DIRECTORY', '/tmp', 'If sessions are file based, store them in this directory.', '15', '1', now());
INSERT INTO configuration (configuration_title, configuration_key, configuration_value, configuration_description, configuration_group_id, sort_order, set_function, date_added) VALUES ('Force Cookie Use', 'SESSION_FORCE_COOKIE_USE', 'False', 'Force the use of sessions when cookies are only enabled.', '15', '2', 'tep_cfg_select_option(array(\'True\', \'False\'), ', now());
INSERT INTO configuration (configuration_title, configuration_key, configuration_value, configuration_description, configuration_group_id, sort_order, set_function, date_added) VALUES ('Check SSL Session ID', 'SESSION_CHECK_SSL_SESSION_ID', 'False', 'Validate the SSL_SESSION_ID on every secure HTTPS page request.', '15', '3', 'tep_cfg_select_option(array(\'True\', \'False\'), ', now());
INSERT INTO configuration (configuration_title, configuration_key, configuration_value, configuration_description, configuration_group_id, sort_order, set_function, date_added) VALUES ('Check User Agent', 'SESSION_CHECK_USER_AGENT', 'False', 'Validate the clients browser user agent on every page request.', '15', '4', 'tep_cfg_select_option(array(\'True\', \'False\'), ', now());
INSERT INTO configuration (configuration_title, configuration_key, configuration_value, configuration_description, configuration_group_id, sort_order, set_function, date_added) VALUES ('Check IP Address', 'SESSION_CHECK_IP_ADDRESS', 'False', 'Validate the clients IP address on every page request.', '15', '5', 'tep_cfg_select_option(array(\'True\', \'False\'), ', now());
INSERT INTO configuration (configuration_title, configuration_key, configuration_value, configuration_description, configuration_group_id, sort_order, set_function, date_added) VALUES ('Prevent Spider Sessions', 'SESSION_BLOCK_SPIDERS', 'True', 'Prevent known spiders from starting a session.', '15', '6', 'tep_cfg_select_option(array(\'True\', \'False\'), ', now());
INSERT INTO configuration (configuration_title, configuration_key, configuration_value, configuration_description, configuration_group_id, sort_order, set_function, date_added) VALUES ('Recreate Session', 'SESSION_RECREATE', 'True', 'Recreate the session to generate a new session ID when the customer logs on or creates an account (PHP >=4.1 needed).', '15', '7', 'tep_cfg_select_option(array(\'True\', \'False\'), ', now());

INSERT INTO configuration (configuration_title, configuration_key, configuration_value, configuration_description, configuration_group_id, sort_order, date_added) VALUES ('Last Update Check Time', 'LAST_UPDATE_CHECK_TIME', '', 'Last time a check for new versions of osCommerce was run', '6', '0', now());

INSERT INTO configuration_group VALUES ('1', 'My Store', 'General information about my store', '1', '1');
INSERT INTO configuration_group VALUES ('2', 'Minimum Values', 'The minimum values for functions / data', '2', '1');
INSERT INTO configuration_group VALUES ('3', 'Maximum Values', 'The maximum values for functions / data', '3', '1');
INSERT INTO configuration_group VALUES ('4', 'Images', 'Image parameters', '4', '1');
INSERT INTO configuration_group VALUES ('5', 'Customer Details', 'Customer account configuration', '5', '1');
INSERT INTO configuration_group VALUES ('6', 'Module Options', 'Hidden from configuration', '6', '0');
INSERT INTO configuration_group VALUES ('7', 'Shipping/Packaging', 'Shipping options available at my store', '7', '1');
INSERT INTO configuration_group VALUES ('8', 'Product Listing', 'Product Listing    configuration options', '8', '1');
INSERT INTO configuration_group VALUES ('9', 'Stock', 'Stock configuration options', '9', '1');
INSERT INTO configuration_group VALUES ('10', 'Logging', 'Logging configuration options', '10', '1');
INSERT INTO configuration_group VALUES ('11', 'Cache', 'Caching configuration options', '11', '1');
INSERT INTO configuration_group VALUES ('12', 'E-Mail Options', 'General setting for E-Mail transport and HTML E-Mails', '12', '1');
INSERT INTO configuration_group VALUES ('13', 'Download', 'Downloadable products options', '13', '1');
INSERT INTO configuration_group VALUES ('14', 'GZip Compression', 'GZip compression options', '14', '1');
INSERT INTO configuration_group VALUES ('15', 'Sessions', 'Session options', '15', '1');

INSERT INTO countries VALUES (1,'Afghanistan','AF','AFG','1');
INSERT INTO countries VALUES (2,'Albania','AL','ALB','1');
INSERT INTO countries VALUES (3,'Algeria','DZ','DZA','1');
INSERT INTO countries VALUES (4,'American Samoa','AS','ASM','1');
INSERT INTO countries VALUES (5,'Andorra','AD','AND','1');
INSERT INTO countries VALUES (6,'Angola','AO','AGO','1');
INSERT INTO countries VALUES (7,'Anguilla','AI','AIA','1');
INSERT INTO countries VALUES (8,'Antarctica','AQ','ATA','1');
INSERT INTO countries VALUES (9,'Antigua and Barbuda','AG','ATG','1');
INSERT INTO countries VALUES (10,'Argentina','AR','ARG','1');
INSERT INTO countries VALUES (11,'Armenia','AM','ARM','1');
INSERT INTO countries VALUES (12,'Aruba','AW','ABW','1');
INSERT INTO countries VALUES (13,'Australia','AU','AUS','1');
INSERT INTO countries VALUES (14,'Austria','AT','AUT','5');
INSERT INTO countries VALUES (15,'Azerbaijan','AZ','AZE','1');
INSERT INTO countries VALUES (16,'Bahamas','BS','BHS','1');
INSERT INTO countries VALUES (17,'Bahrain','BH','BHR','1');
INSERT INTO countries VALUES (18,'Bangladesh','BD','BGD','1');
INSERT INTO countries VALUES (19,'Barbados','BB','BRB','1');
INSERT INTO countries VALUES (20,'Belarus','BY','BLR','1');
INSERT INTO countries VALUES (21,'Belgium','BE','BEL','1');
INSERT INTO countries VALUES (22,'Belize','BZ','BLZ','1');
INSERT INTO countries VALUES (23,'Benin','BJ','BEN','1');
INSERT INTO countries VALUES (24,'Bermuda','BM','BMU','1');
INSERT INTO countries VALUES (25,'Bhutan','BT','BTN','1');
INSERT INTO countries VALUES (26,'Bolivia','BO','BOL','1');
INSERT INTO countries VALUES (27,'Bosnia and Herzegowina','BA','BIH','1');
INSERT INTO countries VALUES (28,'Botswana','BW','BWA','1');
INSERT INTO countries VALUES (29,'Bouvet Island','BV','BVT','1');
INSERT INTO countries VALUES (30,'Brazil','BR','BRA','1');
INSERT INTO countries VALUES (31,'British Indian Ocean Territory','IO','IOT','1');
INSERT INTO countries VALUES (32,'Brunei Darussalam','BN','BRN','1');
INSERT INTO countries VALUES (33,'Bulgaria','BG','BGR','1');
INSERT INTO countries VALUES (34,'Burkina Faso','BF','BFA','1');
INSERT INTO countries VALUES (35,'Burundi','BI','BDI','1');
INSERT INTO countries VALUES (36,'Cambodia','KH','KHM','1');
INSERT INTO countries VALUES (37,'Cameroon','CM','CMR','1');
INSERT INTO countries VALUES (38,'Canada','CA','CAN','1');
INSERT INTO countries VALUES (39,'Cape Verde','CV','CPV','1');
INSERT INTO countries VALUES (40,'Cayman Islands','KY','CYM','1');
INSERT INTO countries VALUES (41,'Central African Republic','CF','CAF','1');
INSERT INTO countries VALUES (42,'Chad','TD','TCD','1');
INSERT INTO countries VALUES (43,'Chile','CL','CHL','1');
INSERT INTO countries VALUES (44,'China','CN','CHN','1');
INSERT INTO countries VALUES (45,'Christmas Island','CX','CXR','1');
INSERT INTO countries VALUES (46,'Cocos (Keeling) Islands','CC','CCK','1');
INSERT INTO countries VALUES (47,'Colombia','CO','COL','1');
INSERT INTO countries VALUES (48,'Comoros','KM','COM','1');
INSERT INTO countries VALUES (49,'Congo','CG','COG','1');
INSERT INTO countries VALUES (50,'Cook Islands','CK','COK','1');
INSERT INTO countries VALUES (51,'Costa Rica','CR','CRI','1');
INSERT INTO countries VALUES (52,'Cote D\'Ivoire','CI','CIV','1');
INSERT INTO countries VALUES (53,'Croatia','HR','HRV','1');
INSERT INTO countries VALUES (54,'Cuba','CU','CUB','1');
INSERT INTO countries VALUES (55,'Cyprus','CY','CYP','1');
INSERT INTO countries VALUES (56,'Czech Republic','CZ','CZE','1');
INSERT INTO countries VALUES (57,'Denmark','DK','DNK','1');
INSERT INTO countries VALUES (58,'Djibouti','DJ','DJI','1');
INSERT INTO countries VALUES (59,'Dominica','DM','DMA','1');
INSERT INTO countries VALUES (60,'Dominican Republic','DO','DOM','1');
INSERT INTO countries VALUES (61,'East Timor','TP','TMP','1');
INSERT INTO countries VALUES (62,'Ecuador','EC','ECU','1');
INSERT INTO countries VALUES (63,'Egypt','EG','EGY','1');
INSERT INTO countries VALUES (64,'El Salvador','SV','SLV','1');
INSERT INTO countries VALUES (65,'Equatorial Guinea','GQ','GNQ','1');
INSERT INTO countries VALUES (66,'Eritrea','ER','ERI','1');
INSERT INTO countries VALUES (67,'Estonia','EE','EST','1');
INSERT INTO countries VALUES (68,'Ethiopia','ET','ETH','1');
INSERT INTO countries VALUES (69,'Falkland Islands (Malvinas)','FK','FLK','1');
INSERT INTO countries VALUES (70,'Faroe Islands','FO','FRO','1');
INSERT INTO countries VALUES (71,'Fiji','FJ','FJI','1');
INSERT INTO countries VALUES (72,'Finland','FI','FIN','1');
INSERT INTO countries VALUES (73,'France','FR','FRA','1');
INSERT INTO countries VALUES (74,'France, Metropolitan','FX','FXX','1');
INSERT INTO countries VALUES (75,'French Guiana','GF','GUF','1');
INSERT INTO countries VALUES (76,'French Polynesia','PF','PYF','1');
INSERT INTO countries VALUES (77,'French Southern Territories','TF','ATF','1');
INSERT INTO countries VALUES (78,'Gabon','GA','GAB','1');
INSERT INTO countries VALUES (79,'Gambia','GM','GMB','1');
INSERT INTO countries VALUES (80,'Georgia','GE','GEO','1');
INSERT INTO countries VALUES (81,'Germany','DE','DEU','5');
INSERT INTO countries VALUES (82,'Ghana','GH','GHA','1');
INSERT INTO countries VALUES (83,'Gibraltar','GI','GIB','1');
INSERT INTO countries VALUES (84,'Greece','GR','GRC','1');
INSERT INTO countries VALUES (85,'Greenland','GL','GRL','1');
INSERT INTO countries VALUES (86,'Grenada','GD','GRD','1');
INSERT INTO countries VALUES (87,'Guadeloupe','GP','GLP','1');
INSERT INTO countries VALUES (88,'Guam','GU','GUM','1');
INSERT INTO countries VALUES (89,'Guatemala','GT','GTM','1');
INSERT INTO countries VALUES (90,'Guinea','GN','GIN','1');
INSERT INTO countries VALUES (91,'Guinea-bissau','GW','GNB','1');
INSERT INTO countries VALUES (92,'Guyana','GY','GUY','1');
INSERT INTO countries VALUES (93,'Haiti','HT','HTI','1');
INSERT INTO countries VALUES (94,'Heard and Mc Donald Islands','HM','HMD','1');
INSERT INTO countries VALUES (95,'Honduras','HN','HND','1');
INSERT INTO countries VALUES (96,'Hong Kong','HK','HKG','1');
INSERT INTO countries VALUES (97,'Hungary','HU','HUN','1');
INSERT INTO countries VALUES (98,'Iceland','IS','ISL','1');
INSERT INTO countries VALUES (99,'India','IN','IND','1');
INSERT INTO countries VALUES (100,'Indonesia','ID','IDN','1');
INSERT INTO countries VALUES (101,'Iran (Islamic Republic of)','IR','IRN','1');
INSERT INTO countries VALUES (102,'Iraq','IQ','IRQ','1');
INSERT INTO countries VALUES (103,'Ireland','IE','IRL','1');
INSERT INTO countries VALUES (104,'Israel','IL','ISR','1');
INSERT INTO countries VALUES (105,'Italy','IT','ITA','1');
INSERT INTO countries VALUES (106,'Jamaica','JM','JAM','1');
INSERT INTO countries VALUES (107,'Japan','JP','JPN','1');
INSERT INTO countries VALUES (108,'Jordan','JO','JOR','1');
INSERT INTO countries VALUES (109,'Kazakhstan','KZ','KAZ','1');
INSERT INTO countries VALUES (110,'Kenya','KE','KEN','1');
INSERT INTO countries VALUES (111,'Kiribati','KI','KIR','1');
INSERT INTO countries VALUES (112,'Korea, Democratic People\'s Republic of','KP','PRK','1');
INSERT INTO countries VALUES (113,'Korea, Republic of','KR','KOR','1');
INSERT INTO countries VALUES (114,'Kuwait','KW','KWT','1');
INSERT INTO countries VALUES (115,'Kyrgyzstan','KG','KGZ','1');
INSERT INTO countries VALUES (116,'Lao People\'s Democratic Republic','LA','LAO','1');
INSERT INTO countries VALUES (117,'Latvia','LV','LVA','1');
INSERT INTO countries VALUES (118,'Lebanon','LB','LBN','1');
INSERT INTO countries VALUES (119,'Lesotho','LS','LSO','1');
INSERT INTO countries VALUES (120,'Liberia','LR','LBR','1');
INSERT INTO countries VALUES (121,'Libyan Arab Jamahiriya','LY','LBY','1');
INSERT INTO countries VALUES (122,'Liechtenstein','LI','LIE','1');
INSERT INTO countries VALUES (123,'Lithuania','LT','LTU','1');
INSERT INTO countries VALUES (124,'Luxembourg','LU','LUX','1');
INSERT INTO countries VALUES (125,'Macau','MO','MAC','1');
INSERT INTO countries VALUES (126,'Macedonia, The Former Yugoslav Republic of','MK','MKD','1');
INSERT INTO countries VALUES (127,'Madagascar','MG','MDG','1');
INSERT INTO countries VALUES (128,'Malawi','MW','MWI','1');
INSERT INTO countries VALUES (129,'Malaysia','MY','MYS','1');
INSERT INTO countries VALUES (130,'Maldives','MV','MDV','1');
INSERT INTO countries VALUES (131,'Mali','ML','MLI','1');
INSERT INTO countries VALUES (132,'Malta','MT','MLT','1');
INSERT INTO countries VALUES (133,'Marshall Islands','MH','MHL','1');
INSERT INTO countries VALUES (134,'Martinique','MQ','MTQ','1');
INSERT INTO countries VALUES (135,'Mauritania','MR','MRT','1');
INSERT INTO countries VALUES (136,'Mauritius','MU','MUS','1');
INSERT INTO countries VALUES (137,'Mayotte','YT','MYT','1');
INSERT INTO countries VALUES (138,'Mexico','MX','MEX','1');
INSERT INTO countries VALUES (139,'Micronesia, Federated States of','FM','FSM','1');
INSERT INTO countries VALUES (140,'Moldova, Republic of','MD','MDA','1');
INSERT INTO countries VALUES (141,'Monaco','MC','MCO','1');
INSERT INTO countries VALUES (142,'Mongolia','MN','MNG','1');
INSERT INTO countries VALUES (143,'Montserrat','MS','MSR','1');
INSERT INTO countries VALUES (144,'Morocco','MA','MAR','1');
INSERT INTO countries VALUES (145,'Mozambique','MZ','MOZ','1');
INSERT INTO countries VALUES (146,'Myanmar','MM','MMR','1');
INSERT INTO countries VALUES (147,'Namibia','NA','NAM','1');
INSERT INTO countries VALUES (148,'Nauru','NR','NRU','1');
INSERT INTO countries VALUES (149,'Nepal','NP','NPL','1');
INSERT INTO countries VALUES (150,'Netherlands','NL','NLD','1');
INSERT INTO countries VALUES (151,'Netherlands Antilles','AN','ANT','1');
INSERT INTO countries VALUES (152,'New Caledonia','NC','NCL','1');
INSERT INTO countries VALUES (153,'New Zealand','NZ','NZL','1');
INSERT INTO countries VALUES (154,'Nicaragua','NI','NIC','1');
INSERT INTO countries VALUES (155,'Niger','NE','NER','1');
INSERT INTO countries VALUES (156,'Nigeria','NG','NGA','1');
INSERT INTO countries VALUES (157,'Niue','NU','NIU','1');
INSERT INTO countries VALUES (158,'Norfolk Island','NF','NFK','1');
INSERT INTO countries VALUES (159,'Northern Mariana Islands','MP','MNP','1');
INSERT INTO countries VALUES (160,'Norway','NO','NOR','1');
INSERT INTO countries VALUES (161,'Oman','OM','OMN','1');
INSERT INTO countries VALUES (162,'Pakistan','PK','PAK','1');
INSERT INTO countries VALUES (163,'Palau','PW','PLW','1');
INSERT INTO countries VALUES (164,'Panama','PA','PAN','1');
INSERT INTO countries VALUES (165,'Papua New Guinea','PG','PNG','1');
INSERT INTO countries VALUES (166,'Paraguay','PY','PRY','1');
INSERT INTO countries VALUES (167,'Peru','PE','PER','1');
INSERT INTO countries VALUES (168,'Philippines','PH','PHL','1');
INSERT INTO countries VALUES (169,'Pitcairn','PN','PCN','1');
INSERT INTO countries VALUES (170,'Poland','PL','POL','1');
INSERT INTO countries VALUES (171,'Portugal','PT','PRT','1');
INSERT INTO countries VALUES (172,'Puerto Rico','PR','PRI','1');
INSERT INTO countries VALUES (173,'Qatar','QA','QAT','1');
INSERT INTO countries VALUES (174,'Reunion','RE','REU','1');
INSERT INTO countries VALUES (175,'Romania','RO','ROM','1');
INSERT INTO countries VALUES (176,'Russian Federation','RU','RUS','1');
INSERT INTO countries VALUES (177,'Rwanda','RW','RWA','1');
INSERT INTO countries VALUES (178,'Saint Kitts and Nevis','KN','KNA','1');
INSERT INTO countries VALUES (179,'Saint Lucia','LC','LCA','1');
INSERT INTO countries VALUES (180,'Saint Vincent and the Grenadines','VC','VCT','1');
INSERT INTO countries VALUES (181,'Samoa','WS','WSM','1');
INSERT INTO countries VALUES (182,'San Marino','SM','SMR','1');
INSERT INTO countries VALUES (183,'Sao Tome and Principe','ST','STP','1');
INSERT INTO countries VALUES (184,'Saudi Arabia','SA','SAU','1');
INSERT INTO countries VALUES (185,'Senegal','SN','SEN','1');
INSERT INTO countries VALUES (186,'Seychelles','SC','SYC','1');
INSERT INTO countries VALUES (187,'Sierra Leone','SL','SLE','1');
INSERT INTO countries VALUES (188,'Singapore','SG','SGP', '4');
INSERT INTO countries VALUES (189,'Slovakia (Slovak Republic)','SK','SVK','1');
INSERT INTO countries VALUES (190,'Slovenia','SI','SVN','1');
INSERT INTO countries VALUES (191,'Solomon Islands','SB','SLB','1');
INSERT INTO countries VALUES (192,'Somalia','SO','SOM','1');
INSERT INTO countries VALUES (193,'South Africa','ZA','ZAF','1');
INSERT INTO countries VALUES (194,'South Georgia and the South Sandwich Islands','GS','SGS','1');
INSERT INTO countries VALUES (195,'Spain','ES','ESP','3');
INSERT INTO countries VALUES (196,'Sri Lanka','LK','LKA','1');
INSERT INTO countries VALUES (197,'St. Helena','SH','SHN','1');
INSERT INTO countries VALUES (198,'St. Pierre and Miquelon','PM','SPM','1');
INSERT INTO countries VALUES (199,'Sudan','SD','SDN','1');
INSERT INTO countries VALUES (200,'Suriname','SR','SUR','1');
INSERT INTO countries VALUES (201,'Svalbard and Jan Mayen Islands','SJ','SJM','1');
INSERT INTO countries VALUES (202,'Swaziland','SZ','SWZ','1');
INSERT INTO countries VALUES (203,'Sweden','SE','SWE','1');
INSERT INTO countries VALUES (204,'Switzerland','CH','CHE','1');
INSERT INTO countries VALUES (205,'Syrian Arab Republic','SY','SYR','1');
INSERT INTO countries VALUES (206,'Taiwan','TW','TWN','1');
INSERT INTO countries VALUES (207,'Tajikistan','TJ','TJK','1');
INSERT INTO countries VALUES (208,'Tanzania, United Republic of','TZ','TZA','1');
INSERT INTO countries VALUES (209,'Thailand','TH','THA','1');
INSERT INTO countries VALUES (210,'Togo','TG','TGO','1');
INSERT INTO countries VALUES (211,'Tokelau','TK','TKL','1');
INSERT INTO countries VALUES (212,'Tonga','TO','TON','1');
INSERT INTO countries VALUES (213,'Trinidad and Tobago','TT','TTO','1');
INSERT INTO countries VALUES (214,'Tunisia','TN','TUN','1');
INSERT INTO countries VALUES (215,'Turkey','TR','TUR','1');
INSERT INTO countries VALUES (216,'Turkmenistan','TM','TKM','1');
INSERT INTO countries VALUES (217,'Turks and Caicos Islands','TC','TCA','1');
INSERT INTO countries VALUES (218,'Tuvalu','TV','TUV','1');
INSERT INTO countries VALUES (219,'Uganda','UG','UGA','1');
INSERT INTO countries VALUES (220,'Ukraine','UA','UKR','1');
INSERT INTO countries VALUES (221,'United Arab Emirates','AE','ARE','1');
INSERT INTO countries VALUES (222,'United Kingdom','GB','GBR','1');
INSERT INTO countries VALUES (223,'United States','US','USA', '2');
INSERT INTO countries VALUES (224,'United States Minor Outlying Islands','UM','UMI','1');
INSERT INTO countries VALUES (225,'Uruguay','UY','URY','1');
INSERT INTO countries VALUES (226,'Uzbekistan','UZ','UZB','1');
INSERT INTO countries VALUES (227,'Vanuatu','VU','VUT','1');
INSERT INTO countries VALUES (228,'Vatican City State (Holy See)','VA','VAT','1');
INSERT INTO countries VALUES (229,'Venezuela','VE','VEN','1');
INSERT INTO countries VALUES (230,'Viet Nam','VN','VNM','1');
INSERT INTO countries VALUES (231,'Virgin Islands (British)','VG','VGB','1');
INSERT INTO countries VALUES (232,'Virgin Islands (U.S.)','VI','VIR','1');
INSERT INTO countries VALUES (233,'Wallis and Futuna Islands','WF','WLF','1');
INSERT INTO countries VALUES (234,'Western Sahara','EH','ESH','1');
INSERT INTO countries VALUES (235,'Yemen','YE','YEM','1');
INSERT INTO countries VALUES (236,'Yugoslavia','YU','YUG','1');
INSERT INTO countries VALUES (237,'Zaire','ZR','ZAR','1');
INSERT INTO countries VALUES (238,'Zambia','ZM','ZMB','1');
INSERT INTO countries VALUES (239,'Zimbabwe','ZW','ZWE','1');

INSERT INTO currencies VALUES (1,'U.S. Dollar','USD','$','','.',',','2','1.0000', now());
INSERT INTO currencies VALUES (2,'Euro','EUR','','','.',',','2','1.0000', now());

INSERT INTO languages VALUES (1,'English','en','icon.gif','english',1);

INSERT INTO manufacturers VALUES('1', 'Brand6', '7.jpg', now(), null);
INSERT INTO manufacturers VALUES('2', 'Brand7', '8.jpg', now(), null);
INSERT INTO manufacturers VALUES('3', 'Brand10', '3.jpg', now(), null);
INSERT INTO manufacturers VALUES('4', 'Brand2', '2.jpg', now(), null);
INSERT INTO manufacturers VALUES('5', 'Brand5', '6.jpg', now(), null);
INSERT INTO manufacturers VALUES('6', 'Brand1', '1.jpg', now(), null);
INSERT INTO manufacturers VALUES('7', 'Brand9', '10.jpg', now(), null);
INSERT INTO manufacturers VALUES('8', 'Brand3', '4.jpg', now(), null);
INSERT INTO manufacturers VALUES('9', 'Brand4', '5.jpg', now(), null);
INSERT INTO manufacturers VALUES('10', 'Brand8', '9.jpg', now(), null);

INSERT INTO manufacturers_info VALUES (1, 1, 'http://www.matrox.com', 0, null);
INSERT INTO manufacturers_info VALUES (2, 1, 'http://www.microsoft.com', 0, null);
INSERT INTO manufacturers_info VALUES (3, 1, 'http://www.warner.com', 0, null);
INSERT INTO manufacturers_info VALUES (4, 1, 'http://www.fox.com', 0, null);
INSERT INTO manufacturers_info VALUES (5, 1, 'http://www.logitech.com', 0, null);
INSERT INTO manufacturers_info VALUES (6, 1, 'http://www.canon.com', 0, null);
INSERT INTO manufacturers_info VALUES (7, 1, 'http://www.sierra.com', 0, null);
INSERT INTO manufacturers_info VALUES (8, 1, 'http://www.infogrames.com', 0, null);
INSERT INTO manufacturers_info VALUES (9, 1, 'http://www.hewlettpackard.com', 0, null);
INSERT INTO manufacturers_info VALUES (10, 1, 'http://www.samsung.com', 0, null);

INSERT INTO orders_status VALUES ( '1', '1', 'Pending', '1', '0');
INSERT INTO orders_status VALUES ( '2', '1', 'Processing', '1', '1');
INSERT INTO orders_status VALUES ( '3', '1', 'Delivered', '1', '1');

INSERT INTO products VALUES(1, 2, '', 'glass.jpg', 55.0000, now(), NULL, NULL, 1.00, 1, 1, 6, 0, 0);
INSERT INTO products VALUES(2, 4, '', 'glass2.jpg', 51.0000, now(), NULL, NULL, 0.50, 1, 1, 6, 0, 1);
INSERT INTO products VALUES(3, 10, '', '2753206_494ea69a-5038-11e3-b0a4-96a64908a8c2.jpg', 65.0000, now(), NULL, NULL, 1.20, 1, 1, 3, 0, 1);
INSERT INTO products VALUES(4, 15, '', 'tas21.jpg', 38.0000, now(), NULL, NULL, 1.20, 1, 1, 3, 0, 0);
INSERT INTO products VALUES(5, 6, '', 'tas23.jpg', 65.0000, now(), NULL, NULL, 2.00, 1, 1, 4, 0, 1);
INSERT INTO products VALUES(6, 10, '', 'tas-ts2150.jpg', 51.0000, now(), NULL, NULL, 1.00, 1, 0, 8, 0, 0);
INSERT INTO products VALUES(7, 2, '', 't0106ingrid-bags_6.jpg', 35.0000, now(), NULL, NULL, 1.00, 1, 0, 8, 0, 1);
INSERT INTO products VALUES(8, 5, '', 'shoes1.jpg', 50.0000, now(), NULL, NULL, 1.00, 1, 0, 9, 0, 0);
INSERT INTO products VALUES(9, 5, '', 'shoes2.jpg', 85.0000, now(), NULL, NULL, 2.00, 1, 1, 5, 0, 0);
INSERT INTO products VALUES(10, 5, '', 'shoes3.jpg', 35.0000, now(), NULL, NULL, 1.00, 1, 0, 2, 0, 1);
INSERT INTO products VALUES(11, 5, '', '2.jpg', 56.0000, now(), NULL, NULL, 0.60, 1, 0, 10, 0, 0);
INSERT INTO products VALUES(12, 8, '', 'blue-shirt-1.jpg', 35.0000, now(), NULL, NULL, 0.50, 1, 0, 10, 0, 1);
INSERT INTO products VALUES(13, 5, '', 'dotts-4231-121771-4-zoom.jpg', 25.0000, now(), NULL, NULL, 0.40, 1, 0, 7, 0, 0);
INSERT INTO products VALUES(14, 5, '', 'dress-black.jpg', 45.0000, now(), NULL, NULL, 0.80, 1, 0, 10, 0, 0);
INSERT INTO products VALUES(15, 5, '', '1.jpg', 65.0000, now(), NULL, NULL, 1.00, 1, 1, 7, 0, 0);
INSERT INTO products VALUES(16, 6, '', '3.jpg', 89.0000, now(), NULL, NULL, 1.50, 1, 1, 9, 0, 0);
INSERT INTO products VALUES(17, 4, '', 'sexy-blue.jpg', 35.0000, now(), NULL, NULL, 0.60, 1, 0, 9, 0, 1);
INSERT INTO products VALUES(18, 6, '', 'ethnic.jpg', 25.0000, now(), NULL, NULL, 0.65, 1, 0, 2, 0, 1);


INSERT INTO products_description VALUES(1, 1, 'Brown Glasses', 'Lorem ipsum dolor sit amet, consectetuer adipiscing elit, sed diam nonummy nibh euismod tincidunt ut laoreet dolore magna aliquam erat volutpat. Ut wisi enim ad minim veniam, quis nostrud exerci tation ullamcorper suscipit lobortis nisl ut aliquip ex ea commodo consequat. Duis autem vel eum iriure dolor in hendrerit in vulputate velit esse molestie consequat, vel illum dolore eu feugiat nulla facilisis at vero eros et accumsan et iusto odio dignissim qui blandit praesent luptatum zzril delenit augue duis dolore te feugait nulla facilisi. Nam liber tempor cum soluta nobis eleifend option congue nihil imperdiet doming id quod mazim placerat facer possim assum.', '', 0);
INSERT INTO products_description VALUES(2, 1, 'Green Glasses', 'Lorem ipsum dolor sit amet, consectetuer adipiscing elit, sed diam nonummy nibh euismod tincidunt ut laoreet dolore magna aliquam erat volutpat. Ut wisi enim ad minim veniam, quis nostrud exerci tation ullamcorper suscipit lobortis nisl ut aliquip ex ea commodo consequat. Duis autem vel eum iriure dolor in hendrerit in vulputate velit esse molestie consequat, vel illum dolore eu feugiat nulla facilisis at vero eros et accumsan et iusto odio dignissim qui blandit praesent luptatum zzril delenit augue duis dolore te feugait nulla facilisi. Nam liber tempor cum soluta nobis eleifend option congue nihil imperdiet doming id quod mazim placerat facer possim assum.', '', 2);
INSERT INTO products_description VALUES(3, 1, 'Black Bag for Male', 'Lorem ipsum dolor sit amet, consectetuer adipiscing elit, sed diam nonummy nibh euismod tincidunt ut laoreet dolore magna aliquam erat volutpat. Ut wisi enim ad minim veniam, quis nostrud exerci tation ullamcorper suscipit lobortis nisl ut aliquip ex ea commodo consequat. Duis autem vel eum iriure dolor in hendrerit in vulputate velit esse molestie consequat, vel illum dolore eu feugiat nulla facilisis at vero eros et accumsan et iusto odio dignissim qui blandit praesent luptatum zzril delenit augue duis dolore te feugait nulla facilisi. Nam liber tempor cum soluta nobis eleifend option congue nihil imperdiet doming id quod mazim placerat facer possim assum.', '', 0);
INSERT INTO products_description VALUES(4, 1, 'Black Simple Bag for Male', 'Lorem ipsum dolor sit amet, consectetuer adipiscing elit, sed diam nonummy nibh euismod tincidunt ut laoreet dolore magna aliquam erat volutpat. Ut wisi enim ad minim veniam, quis nostrud exerci tation ullamcorper suscipit lobortis nisl ut aliquip ex ea commodo consequat. Duis autem vel eum iriure dolor in hendrerit in vulputate velit esse molestie consequat, vel illum dolore eu feugiat nulla facilisis at vero eros et accumsan et iusto odio dignissim qui blandit praesent luptatum zzril delenit augue duis dolore te feugait nulla facilisi. Nam liber tempor cum soluta nobis eleifend option congue nihil imperdiet doming id quod mazim placerat facer possim assum.', '', 0);
INSERT INTO products_description VALUES(5, 1, 'Ethnic Bag', 'Lorem ipsum dolor sit amet, consectetuer adipiscing elit, sed diam nonummy nibh euismod tincidunt ut laoreet dolore magna aliquam erat volutpat. Ut wisi enim ad minim veniam, quis nostrud exerci tation ullamcorper suscipit lobortis nisl ut aliquip ex ea commodo consequat. Duis autem vel eum iriure dolor in hendrerit in vulputate velit esse molestie consequat, vel illum dolore eu feugiat nulla facilisis at vero eros et accumsan et iusto odio dignissim qui blandit praesent luptatum zzril delenit augue duis dolore te feugait nulla facilisi. Nam liber tempor cum soluta nobis eleifend option congue nihil imperdiet doming id quod mazim placerat facer possim assum.', '', 2);
INSERT INTO products_description VALUES(6, 1, 'Red Blink Bag', 'Lorem ipsum dolor sit amet, consectetuer adipiscing elit, sed diam nonummy nibh euismod tincidunt ut laoreet dolore magna aliquam erat volutpat. Ut wisi enim ad minim veniam, quis nostrud exerci tation ullamcorper suscipit lobortis nisl ut aliquip ex ea commodo consequat. Duis autem vel eum iriure dolor in hendrerit in vulputate velit esse molestie consequat, vel illum dolore eu feugiat nulla facilisis at vero eros et accumsan et iusto odio dignissim qui blandit praesent luptatum zzril delenit augue duis dolore te feugait nulla facilisi. Nam liber tempor cum soluta nobis eleifend option congue nihil imperdiet doming id quod mazim placerat facer possim assum.', '', 1);
INSERT INTO products_description VALUES(7, 1, 'Purple Bag', 'Lorem ipsum dolor sit amet, consectetuer adipiscing elit, sed diam nonummy nibh euismod tincidunt ut laoreet dolore magna aliquam erat volutpat. Ut wisi enim ad minim veniam, quis nostrud exerci tation ullamcorper suscipit lobortis nisl ut aliquip ex ea commodo consequat. Duis autem vel eum iriure dolor in hendrerit in vulputate velit esse molestie consequat, vel illum dolore eu feugiat nulla facilisis at vero eros et accumsan et iusto odio dignissim qui blandit praesent luptatum zzril delenit augue duis dolore te feugait nulla facilisi. Nam liber tempor cum soluta nobis eleifend option congue nihil imperdiet doming id quod mazim placerat facer possim assum.', '', 0);
INSERT INTO products_description VALUES(8, 1, 'High Shoes', 'Lorem ipsum dolor sit amet, consectetuer adipiscing elit, sed diam nonummy nibh euismod tincidunt ut laoreet dolore magna aliquam erat volutpat. Ut wisi enim ad minim veniam, quis nostrud exerci tation ullamcorper suscipit lobortis nisl ut aliquip ex ea commodo consequat. Duis autem vel eum iriure dolor in hendrerit in vulputate velit esse molestie consequat, vel illum dolore eu feugiat nulla facilisis at vero eros et accumsan et iusto odio dignissim qui blandit praesent luptatum zzril delenit augue duis dolore te feugait nulla facilisi. Nam liber tempor cum soluta nobis eleifend option congue nihil imperdiet doming id quod mazim placerat facer possim assum.', '', 0);
INSERT INTO products_description VALUES(9, 1, 'Simple Men Shoes', 'Lorem ipsum dolor sit amet, consectetuer adipiscing elit, sed diam nonummy nibh euismod tincidunt ut laoreet dolore magna aliquam erat volutpat. Ut wisi enim ad minim veniam, quis nostrud exerci tation ullamcorper suscipit lobortis nisl ut aliquip ex ea commodo consequat. Duis autem vel eum iriure dolor in hendrerit in vulputate velit esse molestie consequat, vel illum dolore eu feugiat nulla facilisis at vero eros et accumsan et iusto odio dignissim qui blandit praesent luptatum zzril delenit augue duis dolore te feugait nulla facilisi. Nam liber tempor cum soluta nobis eleifend option congue nihil imperdiet doming id quod mazim placerat facer possim assum.', '', 0);
INSERT INTO products_description VALUES(10, 1, 'Old Style Shoes', '', '', 0);
INSERT INTO products_description VALUES(11, 1, 'Black Lingeris', 'Lorem ipsum dolor sit amet, consectetuer adipiscing elit, sed diam nonummy nibh euismod tincidunt ut laoreet dolore magna aliquam erat volutpat. Ut wisi enim ad minim veniam, quis nostrud exerci tation ullamcorper suscipit lobortis nisl ut aliquip ex ea commodo consequat. Duis autem vel eum iriure dolor in hendrerit in vulputate velit esse molestie consequat, vel illum dolore eu feugiat nulla facilisis at vero eros et accumsan et iusto odio dignissim qui blandit praesent luptatum zzril delenit augue duis dolore te feugait nulla facilisi. Nam liber tempor cum soluta nobis eleifend option congue nihil imperdiet doming id quod mazim placerat facer possim assum.', '', 0);
INSERT INTO products_description VALUES(12, 1, 'Blue Shirt', 'Lorem ipsum dolor sit amet, consectetuer adipiscing elit, sed diam nonummy nibh euismod tincidunt ut laoreet dolore magna aliquam erat volutpat. Ut wisi enim ad minim veniam, quis nostrud exerci tation ullamcorper suscipit lobortis nisl ut aliquip ex ea commodo consequat. Duis autem vel eum iriure dolor in hendrerit in vulputate velit esse molestie consequat, vel illum dolore eu feugiat nulla facilisis at vero eros et accumsan et iusto odio dignissim qui blandit praesent luptatum zzril delenit augue duis dolore te feugait nulla facilisi. Nam liber tempor cum soluta nobis eleifend option congue nihil imperdiet doming id quod mazim placerat facer possim assum.', '', 0);
INSERT INTO products_description VALUES(13, 1, 'Dots Shirt', 'Lorem ipsum dolor sit amet, consectetuer adipiscing elit, sed diam nonummy nibh euismod tincidunt ut laoreet dolore magna aliquam erat volutpat. Ut wisi enim ad minim veniam, quis nostrud exerci tation ullamcorper suscipit lobortis nisl ut aliquip ex ea commodo consequat. Duis autem vel eum iriure dolor in hendrerit in vulputate velit esse molestie consequat, vel illum dolore eu feugiat nulla facilisis at vero eros et accumsan et iusto odio dignissim qui blandit praesent luptatum zzril delenit augue duis dolore te feugait nulla facilisi. Nam liber tempor cum soluta nobis eleifend option congue nihil imperdiet doming id quod mazim placerat facer possim assum.', '', 0);
INSERT INTO products_description VALUES(14, 1, 'Black Dress', 'Lorem ipsum dolor sit amet, consectetuer adipiscing elit, sed diam nonummy nibh euismod tincidunt ut laoreet dolore magna aliquam erat volutpat. Ut wisi enim ad minim veniam, quis nostrud exerci tation ullamcorper suscipit lobortis nisl ut aliquip ex ea commodo consequat. Duis autem vel eum iriure dolor in hendrerit in vulputate velit esse molestie consequat, vel illum dolore eu feugiat nulla facilisis at vero eros et accumsan et iusto odio dignissim qui blandit praesent luptatum zzril delenit augue duis dolore te feugait nulla facilisi. Nam liber tempor cum soluta nobis eleifend option congue nihil imperdiet doming id quod mazim placerat facer possim assum.', '', 0);
INSERT INTO products_description VALUES(15, 1, 'White Black Dress', 'Lorem ipsum dolor sit amet, consectetuer adipiscing elit, sed diam nonummy nibh euismod tincidunt ut laoreet dolore magna aliquam erat volutpat. Ut wisi enim ad minim veniam, quis nostrud exerci tation ullamcorper suscipit lobortis nisl ut aliquip ex ea commodo consequat. Duis autem vel eum iriure dolor in hendrerit in vulputate velit esse molestie consequat, vel illum dolore eu feugiat nulla facilisis at vero eros et accumsan et iusto odio dignissim qui blandit praesent luptatum zzril delenit augue duis dolore te feugait nulla facilisi. Nam liber tempor cum soluta nobis eleifend option congue nihil imperdiet doming id quod mazim placerat facer possim assum.', '', 0);
INSERT INTO products_description VALUES(16, 1, 'Executive Woman', 'Lorem ipsum dolor sit amet, consectetuer adipiscing elit, sed diam nonummy nibh euismod tincidunt ut laoreet dolore magna aliquam erat volutpat. Ut wisi enim ad minim veniam, quis nostrud exerci tation ullamcorper suscipit lobortis nisl ut aliquip ex ea commodo consequat. Duis autem vel eum iriure dolor in hendrerit in vulputate velit esse molestie consequat, vel illum dolore eu feugiat nulla facilisis at vero eros et accumsan et iusto odio dignissim qui blandit praesent luptatum zzril delenit augue duis dolore te feugait nulla facilisi. Nam liber tempor cum soluta nobis eleifend option congue nihil imperdiet doming id quod mazim placerat facer possim assum.', '', 2);
INSERT INTO products_description VALUES(17, 1, 'Sexy Blue', 'Lorem ipsum dolor sit amet, consectetuer adipiscing elit, sed diam nonummy nibh euismod tincidunt ut laoreet dolore magna aliquam erat volutpat. Ut wisi enim ad minim veniam, quis nostrud exerci tation ullamcorper suscipit lobortis nisl ut aliquip ex ea commodo consequat. Duis autem vel eum iriure dolor in hendrerit in vulputate velit esse molestie consequat, vel illum dolore eu feugiat nulla facilisis at vero eros et accumsan et iusto odio dignissim qui blandit praesent luptatum zzril delenit augue duis dolore te feugait nulla facilisi. Nam liber tempor cum soluta nobis eleifend option congue nihil imperdiet doming id quod mazim placerat facer possim assum.', '', 3);
INSERT INTO products_description VALUES(18, 1, 'Ethnic', 'Lorem ipsum dolor sit amet, consectetuer adipiscing elit, sed diam nonummy nibh euismod tincidunt ut laoreet dolore magna aliquam erat volutpat. Ut wisi enim ad minim veniam, quis nostrud exerci tation ullamcorper suscipit lobortis nisl ut aliquip ex ea commodo consequat. Duis autem vel eum iriure dolor in hendrerit in vulputate velit esse molestie consequat, vel illum dolore eu feugiat nulla facilisis at vero eros et accumsan et iusto odio dignissim qui blandit praesent luptatum zzril delenit augue duis dolore te feugait nulla facilisi. Nam liber tempor cum soluta nobis eleifend option congue nihil imperdiet doming id quod mazim placerat facer possim assum.', '', 2);


INSERT INTO products_attributes VALUES (1,1,4,1,0.00,'+');
INSERT INTO products_attributes VALUES (2,1,4,2,50.00,'+');
INSERT INTO products_attributes VALUES (3,1,4,3,70.00,'+');
INSERT INTO products_attributes VALUES (4,1,3,5,0.00,'+');
INSERT INTO products_attributes VALUES (5,1,3,6,100.00,'+');
INSERT INTO products_attributes VALUES (6,2,4,3,10.00,'-');
INSERT INTO products_attributes VALUES (7,2,4,4,0.00,'+');
INSERT INTO products_attributes VALUES (8,2,3,6,0.00,'+');
INSERT INTO products_attributes VALUES (9,2,3,7,120.00,'+');
INSERT INTO products_attributes VALUES (10,26,3,8,0.00,'+');
INSERT INTO products_attributes VALUES (11,26,3,9,6.00,'+');
INSERT INTO products_attributes VALUES (26, 22, 5, 10, '0.00', '+');
INSERT INTO products_attributes VALUES (27, 22, 5, 13, '0.00', '+');

INSERT INTO products_attributes_download VALUES (26, 'unreal.zip', 7, 3);

INSERT INTO products_images VALUES(1, 12, 'blue-shirt-1.jpg', null, 1);
INSERT INTO products_images VALUES(2, 12, 'blue-shirt.jpg', null, 2);
INSERT INTO products_images VALUES(3, 14, 'dress-blue1.jpg', null, 1);
INSERT INTO products_images VALUES(4, 14, 'dress-black.jpg', null, 2);
INSERT INTO products_images VALUES(5, 17, 'sexy-blue1.jpg', null, 1);
INSERT INTO products_images VALUES(6, 17, 'sexy-blue.jpg', null, 2);
INSERT INTO products_images VALUES(7, 18, 'ethnic1.jpg', null, 1);
INSERT INTO products_images VALUES(8, 18, 'ethnic.jpg', null, 2);

INSERT INTO products_options VALUES (1,1,'Color');
INSERT INTO products_options VALUES (2,1,'Size');
INSERT INTO products_options VALUES (3,1,'Model');
INSERT INTO products_options VALUES (4,1,'Memory');
INSERT INTO products_options VALUES (5, 1, 'Version');

INSERT INTO products_options_values VALUES (1,1,'4 mb');
INSERT INTO products_options_values VALUES (2,1,'8 mb');
INSERT INTO products_options_values VALUES (3,1,'16 mb');
INSERT INTO products_options_values VALUES (4,1,'32 mb');
INSERT INTO products_options_values VALUES (5,1,'Value');
INSERT INTO products_options_values VALUES (6,1,'Premium');
INSERT INTO products_options_values VALUES (7,1,'Deluxe');
INSERT INTO products_options_values VALUES (8,1,'PS/2');
INSERT INTO products_options_values VALUES (9,1,'USB');
INSERT INTO products_options_values VALUES (10, 1, 'Download: Windows - English');
INSERT INTO products_options_values VALUES (13, 1, 'Box: Windows - English');

INSERT INTO products_options_values_to_products_options VALUES (1,4,1);
INSERT INTO products_options_values_to_products_options VALUES (2,4,2);
INSERT INTO products_options_values_to_products_options VALUES (3,4,3);
INSERT INTO products_options_values_to_products_options VALUES (4,4,4);
INSERT INTO products_options_values_to_products_options VALUES (5,3,5);
INSERT INTO products_options_values_to_products_options VALUES (6,3,6);
INSERT INTO products_options_values_to_products_options VALUES (7,3,7);
INSERT INTO products_options_values_to_products_options VALUES (8,3,8);
INSERT INTO products_options_values_to_products_options VALUES (9,3,9);
INSERT INTO products_options_values_to_products_options VALUES (10, 5, 10);
INSERT INTO products_options_values_to_products_options VALUES (13, 5, 13);

INSERT INTO products_to_categories VALUES(1, 37);
INSERT INTO products_to_categories VALUES(2, 37);
INSERT INTO products_to_categories VALUES(3, 38);
INSERT INTO products_to_categories VALUES(4, 38);
INSERT INTO products_to_categories VALUES(5, 38);
INSERT INTO products_to_categories VALUES(6, 38);
INSERT INTO products_to_categories VALUES(7, 38);
INSERT INTO products_to_categories VALUES(8, 36);
INSERT INTO products_to_categories VALUES(9, 36);
INSERT INTO products_to_categories VALUES(10, 36);
INSERT INTO products_to_categories VALUES(11, 35);
INSERT INTO products_to_categories VALUES(12, 33);
INSERT INTO products_to_categories VALUES(13, 33);
INSERT INTO products_to_categories VALUES(14, 34);
INSERT INTO products_to_categories VALUES(15, 34);
INSERT INTO products_to_categories VALUES(16, 34);
INSERT INTO products_to_categories VALUES(17, 34);
INSERT INTO products_to_categories VALUES(18, 34);


INSERT INTO reviews VALUES(1, 2, 0, 'John Doe', 5, now(), null, 1, 0);
INSERT INTO reviews VALUES(2, 16, 0, 'Jane Doe', 4, now(), null, 1, 0);
INSERT INTO reviews VALUES(3, 5, 0, 'Jane Doe', 4, now(), null, 1, 0);
INSERT INTO reviews VALUES(4, 6, 0, 'John Doe', 5, now(), null, 1, 0);

INSERT INTO reviews_description VALUES(1, 1, 'Lorem ipsum dolor sit amet, consectetuer adipiscing elit, sed diam nonummy nibh euismod tincidunt ut laoreet dolore magna aliquam erat volutpat. Ut wisi enim ad minim veniam, quis nostrud exerci tation ullamcorper suscipit lobortis nisl ut aliquip ex ea commodo consequat.');
INSERT INTO reviews_description VALUES(2, 1, 'Lorem ipsum dolor sit amet, consectetuer adipiscing elit, sed diam nonummy nibh euismod tincidunt ut laoreet dolore magna aliquam erat volutpat. Ut wisi enim ad minim veniam, quis nostrud exerci tation ullamcorper suscipit lobortis nisl ut aliquip ex ea commodo consequat.');
INSERT INTO reviews_description VALUES(3, 1, 'Lorem ipsum dolor sit amet, consectetuer adipiscing elit, sed diam nonummy nibh euismod tincidunt ut laoreet dolore magna aliquam erat volutpat. Ut wisi enim ad minim veniam, quis nostrud exerci tation ullamcorper suscipit lobortis nisl ut aliquip ex ea commodo consequat.');
INSERT INTO reviews_description VALUES(4, 1, 'Lorem ipsum dolor sit amet, consectetuer adipiscing elit, sed diam nonummy nibh euismod tincidunt ut laoreet dolore magna aliquam erat volutpat. Ut wisi enim ad minim veniam, quis nostrud exerci tation ullamcorper suscipit lobortis nisl ut aliquip ex ea commodo consequat.');

INSERT INTO sec_directory_whitelist values (null, 'admin/backups');
INSERT INTO sec_directory_whitelist values (null, 'admin/images/graphs');
INSERT INTO sec_directory_whitelist values (null, 'images');
INSERT INTO sec_directory_whitelist values (null, 'images/banners');
INSERT INTO sec_directory_whitelist values (null, 'images/product');
INSERT INTO sec_directory_whitelist values (null, 'images/slider');
INSERT INTO sec_directory_whitelist values (null, 'images/manufacture');
INSERT INTO sec_directory_whitelist values (null, 'images/category');
INSERT INTO sec_directory_whitelist values (null, 'includes/work');
INSERT INTO sec_directory_whitelist values (null, 'pub');

INSERT INTO specials VALUES(1, 14, 44.0000, now(), NULL, NULL, NULL, 1);
INSERT INTO specials VALUES(2, 9, 84.0000, now(), NULL, NULL, NULL, 1);
INSERT INTO specials VALUES(3, 7, 33.0000, now(), NULL, NULL, NULL, 1);
INSERT INTO specials VALUES(4, 17, 34.0000, now(), NULL, NULL, NULL, 1);
INSERT INTO specials VALUES(5, 1, 54.0000, now(), NULL, NULL, NULL, 1);
INSERT INTO specials VALUES(6, 8, 49.0000, now(), NULL, NULL, NULL, 1);
INSERT INTO specials VALUES(7, 13, 21.0000, now(), NULL, NULL, NULL, 1);
INSERT INTO specials VALUES(8, 2, 50.0000, now(), NULL, NULL, NULL, 1);

INSERT INTO tax_class VALUES (1, 'Taxable Goods', 'The following types of products are included non-food, services, etc', now(), now());

# USA/Florida
INSERT INTO tax_rates VALUES (1, 1, 1, 1, 7.0, 'FL TAX 7.0%', now(), now());
INSERT INTO geo_zones (geo_zone_id,geo_zone_name,geo_zone_description,date_added) VALUES (1,"Florida","Florida local sales tax zone",now());
INSERT INTO zones_to_geo_zones (association_id,zone_country_id,zone_id,geo_zone_id,date_added) VALUES (1,223,18,1,now());

# USA
INSERT INTO zones VALUES (1,223,'AL','Alabama');
INSERT INTO zones VALUES (2,223,'AK','Alaska');
INSERT INTO zones VALUES (3,223,'AS','American Samoa');
INSERT INTO zones VALUES (4,223,'AZ','Arizona');
INSERT INTO zones VALUES (5,223,'AR','Arkansas');
INSERT INTO zones VALUES (6,223,'AF','Armed Forces Africa');
INSERT INTO zones VALUES (7,223,'AA','Armed Forces Americas');
INSERT INTO zones VALUES (8,223,'AC','Armed Forces Canada');
INSERT INTO zones VALUES (9,223,'AE','Armed Forces Europe');
INSERT INTO zones VALUES (10,223,'AM','Armed Forces Middle East');
INSERT INTO zones VALUES (11,223,'AP','Armed Forces Pacific');
INSERT INTO zones VALUES (12,223,'CA','California');
INSERT INTO zones VALUES (13,223,'CO','Colorado');
INSERT INTO zones VALUES (14,223,'CT','Connecticut');
INSERT INTO zones VALUES (15,223,'DE','Delaware');
INSERT INTO zones VALUES (16,223,'DC','District of Columbia');
INSERT INTO zones VALUES (17,223,'FM','Federated States Of Micronesia');
INSERT INTO zones VALUES (18,223,'FL','Florida');
INSERT INTO zones VALUES (19,223,'GA','Georgia');
INSERT INTO zones VALUES (20,223,'GU','Guam');
INSERT INTO zones VALUES (21,223,'HI','Hawaii');
INSERT INTO zones VALUES (22,223,'ID','Idaho');
INSERT INTO zones VALUES (23,223,'IL','Illinois');
INSERT INTO zones VALUES (24,223,'IN','Indiana');
INSERT INTO zones VALUES (25,223,'IA','Iowa');
INSERT INTO zones VALUES (26,223,'KS','Kansas');
INSERT INTO zones VALUES (27,223,'KY','Kentucky');
INSERT INTO zones VALUES (28,223,'LA','Louisiana');
INSERT INTO zones VALUES (29,223,'ME','Maine');
INSERT INTO zones VALUES (30,223,'MH','Marshall Islands');
INSERT INTO zones VALUES (31,223,'MD','Maryland');
INSERT INTO zones VALUES (32,223,'MA','Massachusetts');
INSERT INTO zones VALUES (33,223,'MI','Michigan');
INSERT INTO zones VALUES (34,223,'MN','Minnesota');
INSERT INTO zones VALUES (35,223,'MS','Mississippi');
INSERT INTO zones VALUES (36,223,'MO','Missouri');
INSERT INTO zones VALUES (37,223,'MT','Montana');
INSERT INTO zones VALUES (38,223,'NE','Nebraska');
INSERT INTO zones VALUES (39,223,'NV','Nevada');
INSERT INTO zones VALUES (40,223,'NH','New Hampshire');
INSERT INTO zones VALUES (41,223,'NJ','New Jersey');
INSERT INTO zones VALUES (42,223,'NM','New Mexico');
INSERT INTO zones VALUES (43,223,'NY','New York');
INSERT INTO zones VALUES (44,223,'NC','North Carolina');
INSERT INTO zones VALUES (45,223,'ND','North Dakota');
INSERT INTO zones VALUES (46,223,'MP','Northern Mariana Islands');
INSERT INTO zones VALUES (47,223,'OH','Ohio');
INSERT INTO zones VALUES (48,223,'OK','Oklahoma');
INSERT INTO zones VALUES (49,223,'OR','Oregon');
INSERT INTO zones VALUES (50,223,'PW','Palau');
INSERT INTO zones VALUES (51,223,'PA','Pennsylvania');
INSERT INTO zones VALUES (52,223,'PR','Puerto Rico');
INSERT INTO zones VALUES (53,223,'RI','Rhode Island');
INSERT INTO zones VALUES (54,223,'SC','South Carolina');
INSERT INTO zones VALUES (55,223,'SD','South Dakota');
INSERT INTO zones VALUES (56,223,'TN','Tennessee');
INSERT INTO zones VALUES (57,223,'TX','Texas');
INSERT INTO zones VALUES (58,223,'UT','Utah');
INSERT INTO zones VALUES (59,223,'VT','Vermont');
INSERT INTO zones VALUES (60,223,'VI','Virgin Islands');
INSERT INTO zones VALUES (61,223,'VA','Virginia');
INSERT INTO zones VALUES (62,223,'WA','Washington');
INSERT INTO zones VALUES (63,223,'WV','West Virginia');
INSERT INTO zones VALUES (64,223,'WI','Wisconsin');
INSERT INTO zones VALUES (65,223,'WY','Wyoming');

# Canada
INSERT INTO zones VALUES (66,38,'AB','Alberta');
INSERT INTO zones VALUES (67,38,'BC','British Columbia');
INSERT INTO zones VALUES (68,38,'MB','Manitoba');
INSERT INTO zones VALUES (69,38,'NF','Newfoundland');
INSERT INTO zones VALUES (70,38,'NB','New Brunswick');
INSERT INTO zones VALUES (71,38,'NS','Nova Scotia');
INSERT INTO zones VALUES (72,38,'NT','Northwest Territories');
INSERT INTO zones VALUES (73,38,'NU','Nunavut');
INSERT INTO zones VALUES (74,38,'ON','Ontario');
INSERT INTO zones VALUES (75,38,'PE','Prince Edward Island');
INSERT INTO zones VALUES (76,38,'QC','Quebec');
INSERT INTO zones VALUES (77,38,'SK','Saskatchewan');
INSERT INTO zones VALUES (78,38,'YT','Yukon Territory');

# Germany
INSERT INTO zones VALUES (79,81,'NDS','Niedersachsen');
INSERT INTO zones VALUES (80,81,'BAW','Baden-Wrttemberg');
INSERT INTO zones VALUES (81,81,'BAY','Bayern');
INSERT INTO zones VALUES (82,81,'BER','Berlin');
INSERT INTO zones VALUES (83,81,'BRG','Brandenburg');
INSERT INTO zones VALUES (84,81,'BRE','Bremen');
INSERT INTO zones VALUES (85,81,'HAM','Hamburg');
INSERT INTO zones VALUES (86,81,'HES','Hessen');
INSERT INTO zones VALUES (87,81,'MEC','Mecklenburg-Vorpommern');
INSERT INTO zones VALUES (88,81,'NRW','Nordrhein-Westfalen');
INSERT INTO zones VALUES (89,81,'RHE','Rheinland-Pfalz');
INSERT INTO zones VALUES (90,81,'SAR','Saarland');
INSERT INTO zones VALUES (91,81,'SAS','Sachsen');
INSERT INTO zones VALUES (92,81,'SAC','Sachsen-Anhalt');
INSERT INTO zones VALUES (93,81,'SCN','Schleswig-Holstein');
INSERT INTO zones VALUES (94,81,'THE','Thringen');

# Austria
INSERT INTO zones VALUES (95,14,'WI','Wien');
INSERT INTO zones VALUES (96,14,'NO','Niedersterreich');
INSERT INTO zones VALUES (97,14,'OO','Obersterreich');
INSERT INTO zones VALUES (98,14,'SB','Salzburg');
INSERT INTO zones VALUES (99,14,'KN','Krnten');
INSERT INTO zones VALUES (100,14,'ST','Steiermark');
INSERT INTO zones VALUES (101,14,'TI','Tirol');
INSERT INTO zones VALUES (102,14,'BL','Burgenland');
INSERT INTO zones VALUES (103,14,'VB','Voralberg');

# Swizterland
INSERT INTO zones VALUES (104,204,'AG','Aargau');
INSERT INTO zones VALUES (105,204,'AI','Appenzell Innerrhoden');
INSERT INTO zones VALUES (106,204,'AR','Appenzell Ausserrhoden');
INSERT INTO zones VALUES (107,204,'BE','Bern');
INSERT INTO zones VALUES (108,204,'BL','Basel-Landschaft');
INSERT INTO zones VALUES (109,204,'BS','Basel-Stadt');
INSERT INTO zones VALUES (110,204,'FR','Freiburg');
INSERT INTO zones VALUES (111,204,'GE','Genf');
INSERT INTO zones VALUES (112,204,'GL','Glarus');
INSERT INTO zones VALUES (113,204,'JU','Graubnden');
INSERT INTO zones VALUES (114,204,'JU','Jura');
INSERT INTO zones VALUES (115,204,'LU','Luzern');
INSERT INTO zones VALUES (116,204,'NE','Neuenburg');
INSERT INTO zones VALUES (117,204,'NW','Nidwalden');
INSERT INTO zones VALUES (118,204,'OW','Obwalden');
INSERT INTO zones VALUES (119,204,'SG','St. Gallen');
INSERT INTO zones VALUES (120,204,'SH','Schaffhausen');
INSERT INTO zones VALUES (121,204,'SO','Solothurn');
INSERT INTO zones VALUES (122,204,'SZ','Schwyz');
INSERT INTO zones VALUES (123,204,'TG','Thurgau');
INSERT INTO zones VALUES (124,204,'TI','Tessin');
INSERT INTO zones VALUES (125,204,'UR','Uri');
INSERT INTO zones VALUES (126,204,'VD','Waadt');
INSERT INTO zones VALUES (127,204,'VS','Wallis');
INSERT INTO zones VALUES (128,204,'ZG','Zug');
INSERT INTO zones VALUES (129,204,'ZH','Zrich');

# Spain
INSERT INTO zones (zone_country_id, zone_code, zone_name) VALUES (195,'A Corua','A Corua');
INSERT INTO zones (zone_country_id, zone_code, zone_name) VALUES (195,'Alava','Alava');
INSERT INTO zones (zone_country_id, zone_code, zone_name) VALUES (195,'Albacete','Albacete');
INSERT INTO zones (zone_country_id, zone_code, zone_name) VALUES (195,'Alicante','Alicante');
INSERT INTO zones (zone_country_id, zone_code, zone_name) VALUES (195,'Almeria','Almeria');
INSERT INTO zones (zone_country_id, zone_code, zone_name) VALUES (195,'Asturias','Asturias');
INSERT INTO zones (zone_country_id, zone_code, zone_name) VALUES (195,'Avila','Avila');
INSERT INTO zones (zone_country_id, zone_code, zone_name) VALUES (195,'Badajoz','Badajoz');
INSERT INTO zones (zone_country_id, zone_code, zone_name) VALUES (195,'Baleares','Baleares');
INSERT INTO zones (zone_country_id, zone_code, zone_name) VALUES (195,'Barcelona','Barcelona');
INSERT INTO zones (zone_country_id, zone_code, zone_name) VALUES (195,'Burgos','Burgos');
INSERT INTO zones (zone_country_id, zone_code, zone_name) VALUES (195,'Caceres','Caceres');
INSERT INTO zones (zone_country_id, zone_code, zone_name) VALUES (195,'Cadiz','Cadiz');
INSERT INTO zones (zone_country_id, zone_code, zone_name) VALUES (195,'Cantabria','Cantabria');
INSERT INTO zones (zone_country_id, zone_code, zone_name) VALUES (195,'Castellon','Castellon');
INSERT INTO zones (zone_country_id, zone_code, zone_name) VALUES (195,'Ceuta','Ceuta');
INSERT INTO zones (zone_country_id, zone_code, zone_name) VALUES (195,'Ciudad Real','Ciudad Real');
INSERT INTO zones (zone_country_id, zone_code, zone_name) VALUES (195,'Cordoba','Cordoba');
INSERT INTO zones (zone_country_id, zone_code, zone_name) VALUES (195,'Cuenca','Cuenca');
INSERT INTO zones (zone_country_id, zone_code, zone_name) VALUES (195,'Girona','Girona');
INSERT INTO zones (zone_country_id, zone_code, zone_name) VALUES (195,'Granada','Granada');
INSERT INTO zones (zone_country_id, zone_code, zone_name) VALUES (195,'Guadalajara','Guadalajara');
INSERT INTO zones (zone_country_id, zone_code, zone_name) VALUES (195,'Guipuzcoa','Guipuzcoa');
INSERT INTO zones (zone_country_id, zone_code, zone_name) VALUES (195,'Huelva','Huelva');
INSERT INTO zones (zone_country_id, zone_code, zone_name) VALUES (195,'Huesca','Huesca');
INSERT INTO zones (zone_country_id, zone_code, zone_name) VALUES (195,'Jaen','Jaen');
INSERT INTO zones (zone_country_id, zone_code, zone_name) VALUES (195,'La Rioja','La Rioja');
INSERT INTO zones (zone_country_id, zone_code, zone_name) VALUES (195,'Las Palmas','Las Palmas');
INSERT INTO zones (zone_country_id, zone_code, zone_name) VALUES (195,'Leon','Leon');
INSERT INTO zones (zone_country_id, zone_code, zone_name) VALUES (195,'Lleida','Lleida');
INSERT INTO zones (zone_country_id, zone_code, zone_name) VALUES (195,'Lugo','Lugo');
INSERT INTO zones (zone_country_id, zone_code, zone_name) VALUES (195,'Madrid','Madrid');
INSERT INTO zones (zone_country_id, zone_code, zone_name) VALUES (195,'Malaga','Malaga');
INSERT INTO zones (zone_country_id, zone_code, zone_name) VALUES (195,'Melilla','Melilla');
INSERT INTO zones (zone_country_id, zone_code, zone_name) VALUES (195,'Murcia','Murcia');
INSERT INTO zones (zone_country_id, zone_code, zone_name) VALUES (195,'Navarra','Navarra');
INSERT INTO zones (zone_country_id, zone_code, zone_name) VALUES (195,'Ourense','Ourense');
INSERT INTO zones (zone_country_id, zone_code, zone_name) VALUES (195,'Palencia','Palencia');
INSERT INTO zones (zone_country_id, zone_code, zone_name) VALUES (195,'Pontevedra','Pontevedra');
INSERT INTO zones (zone_country_id, zone_code, zone_name) VALUES (195,'Salamanca','Salamanca');
INSERT INTO zones (zone_country_id, zone_code, zone_name) VALUES (195,'Santa Cruz de Tenerife','Santa Cruz de Tenerife');
INSERT INTO zones (zone_country_id, zone_code, zone_name) VALUES (195,'Segovia','Segovia');
INSERT INTO zones (zone_country_id, zone_code, zone_name) VALUES (195,'Sevilla','Sevilla');
INSERT INTO zones (zone_country_id, zone_code, zone_name) VALUES (195,'Soria','Soria');
INSERT INTO zones (zone_country_id, zone_code, zone_name) VALUES (195,'Tarragona','Tarragona');
INSERT INTO zones (zone_country_id, zone_code, zone_name) VALUES (195,'Teruel','Teruel');
INSERT INTO zones (zone_country_id, zone_code, zone_name) VALUES (195,'Toledo','Toledo');
INSERT INTO zones (zone_country_id, zone_code, zone_name) VALUES (195,'Valencia','Valencia');
INSERT INTO zones (zone_country_id, zone_code, zone_name) VALUES (195,'Valladolid','Valladolid');
INSERT INTO zones (zone_country_id, zone_code, zone_name) VALUES (195,'Vizcaya','Vizcaya');
INSERT INTO zones (zone_country_id, zone_code, zone_name) VALUES (195,'Zamora','Zamora');
INSERT INTO zones (zone_country_id, zone_code, zone_name) VALUES (195,'Zaragoza','Zaragoza');

# PayPal Express
INSERT INTO orders_status (orders_status_id, language_id, orders_status_name, public_flag, downloads_flag) values ('4', '1', 'PayPal [Transactions]', 0, 0);
INSERT INTO configuration (configuration_title, configuration_key, configuration_value, configuration_description, configuration_group_id, sort_order, set_function, date_added) values ('Enable PayPal Express Checkout', 'MODULE_PAYMENT_PAYPAL_EXPRESS_STATUS', 'True', 'Do you want to accept PayPal Express Checkout payments?', '6', '1', 'tep_cfg_select_option(array(\'True\', \'False\'), ', now());
INSERT INTO configuration (configuration_title, configuration_key, configuration_value, configuration_description, configuration_group_id, sort_order, date_added) values ('Seller Account', 'MODULE_PAYMENT_PAYPAL_EXPRESS_SELLER_ACCOUNT', '', 'The email address of the seller account if no API credentials has been setup.', '6', '0', now());
INSERT INTO configuration (configuration_title, configuration_key, configuration_value, configuration_description, configuration_group_id, sort_order, date_added) values ('API Username', 'MODULE_PAYMENT_PAYPAL_EXPRESS_API_USERNAME', '', 'The username to use for the PayPal API service', '6', '0', now());
INSERT INTO configuration (configuration_title, configuration_key, configuration_value, configuration_description, configuration_group_id, sort_order, date_added) values ('API Password', 'MODULE_PAYMENT_PAYPAL_EXPRESS_API_PASSWORD', '', 'The password to use for the PayPal API service', '6', '0', now());
INSERT INTO configuration (configuration_title, configuration_key, configuration_value, configuration_description, configuration_group_id, sort_order, date_added) values ('API Signature', 'MODULE_PAYMENT_PAYPAL_EXPRESS_API_SIGNATURE', '', 'The signature to use for the PayPal API service', '6', '0', now());
INSERT INTO configuration (configuration_title, configuration_key, configuration_value, configuration_description, configuration_group_id, sort_order, set_function, date_added) values ('PayPal Account Optional', 'MODULE_PAYMENT_PAYPAL_EXPRESS_ACCOUNT_OPTIONAL', 'False', 'This must also be enabled in your PayPal account, in Profile > Website Payment Preferences.', '6', '0', 'tep_cfg_select_option(array(\'True\', \'False\'), ', now());
INSERT INTO configuration (configuration_title, configuration_key, configuration_value, configuration_description, configuration_group_id, sort_order, set_function, date_added) values ('PayPal Instant Update', 'MODULE_PAYMENT_PAYPAL_EXPRESS_INSTANT_UPDATE', 'True', 'Support PayPal shipping and tax calculations on the PayPal.com site during Express Checkout.', '6', '0', 'tep_cfg_select_option(array(\'True\', \'False\'), ', now());
INSERT INTO configuration (configuration_title, configuration_key, configuration_value, configuration_description, configuration_group_id, sort_order, set_function, date_added) values ('PayPal Checkout Image', 'MODULE_PAYMENT_PAYPAL_EXPRESS_CHECKOUT_IMAGE', 'Static', 'Use static or dynamic Express Checkout image buttons. Dynamic images are used with PayPal campaigns.', '6', '0', 'tep_cfg_select_option(array(\'Static\', \'Dynamic\'), ', now());
INSERT INTO configuration (configuration_title, configuration_key, configuration_value, configuration_description, configuration_group_id, sort_order, date_added) values ('Page Style', 'MODULE_PAYMENT_PAYPAL_EXPRESS_PAGE_STYLE', '', 'The page style to use for the checkout flow (defined at your PayPal Profile page)', '6', '0', now());
INSERT INTO configuration (configuration_title, configuration_key, configuration_value, configuration_description, configuration_group_id, sort_order, set_function, date_added) values ('Transaction Method', 'MODULE_PAYMENT_PAYPAL_EXPRESS_TRANSACTION_METHOD', 'Sale', 'The processing method to use for each transaction.', '6', '0', 'tep_cfg_select_option(array(\'Authorization\', \'Sale\'), ', now());
INSERT INTO configuration (configuration_title, configuration_key, configuration_value, configuration_description, configuration_group_id, sort_order, set_function, use_function, date_added) values ('Set Order Status', 'MODULE_PAYMENT_PAYPAL_EXPRESS_ORDER_STATUS_ID', '0', 'Set the status of orders made with this payment module to this value', '6', '0', 'tep_cfg_pull_down_order_statuses(', 'tep_get_order_status_name', now());
INSERT INTO configuration (configuration_title, configuration_key, configuration_value, configuration_description, configuration_group_id, sort_order, set_function, use_function, date_added) values ('PayPal Transactions Order Status Level', 'MODULE_PAYMENT_PAYPAL_EXPRESS_TRANSACTIONS_ORDER_STATUS_ID', '4', 'Include PayPal transaction information in this order status level', '6', '0', 'tep_cfg_pull_down_order_statuses(', 'tep_get_order_status_name', now());
INSERT INTO configuration (configuration_title, configuration_key, configuration_value, configuration_description, configuration_group_id, sort_order, use_function, set_function, date_added) values ('Payment Zone', 'MODULE_PAYMENT_PAYPAL_EXPRESS_ZONE', '0', 'If a zone is selected, only enable this payment method for that zone.', '6', '2', 'tep_get_zone_class_title', 'tep_cfg_pull_down_zone_classes(', now());
INSERT INTO configuration (configuration_title, configuration_key, configuration_value, configuration_description, configuration_group_id, sort_order, set_function, date_added) values ('Transaction Server', 'MODULE_PAYMENT_PAYPAL_EXPRESS_TRANSACTION_SERVER', 'Live', 'Use the live or testing (sandbox) gateway server to process transactions?', '6', '0', 'tep_cfg_select_option(array(\'Live\', \'Sandbox\'), ', now());
INSERT INTO configuration (configuration_title, configuration_key, configuration_value, configuration_description, configuration_group_id, sort_order, set_function, date_added) values ('Verify SSL Certificate', 'MODULE_PAYMENT_PAYPAL_EXPRESS_VERIFY_SSL', 'True', 'Verify gateway server SSL certificate on connection?', '6', '1', 'tep_cfg_select_option(array(\'True\', \'False\'), ', now());
INSERT INTO configuration (configuration_title, configuration_key, configuration_value, configuration_description, configuration_group_id, sort_order, date_added) values ('Proxy Server', 'MODULE_PAYMENT_PAYPAL_EXPRESS_PROXY', '', 'Send API requests through this proxy server. (host:port, eg: 123.45.67.89:8080 or proxy.example.com:8080)', '6', '0' , now());
INSERT INTO configuration (configuration_title, configuration_key, configuration_value, configuration_description, configuration_group_id, sort_order, date_added) values ('Debug E-Mail Address', 'MODULE_PAYMENT_PAYPAL_EXPRESS_DEBUG_EMAIL', '', 'All parameters of an invalid transaction will be sent to this email address.', '6', '0', now());
INSERT INTO configuration (configuration_title, configuration_key, configuration_value, configuration_description, configuration_group_id, sort_order, date_added) values ('Sort order of display.', 'MODULE_PAYMENT_PAYPAL_EXPRESS_SORT_ORDER', '0', 'Sort order of display. Lowest is displayed first.', '6', '0', now());

# Header Tags
INSERT INTO configuration (configuration_title, configuration_key, configuration_value, configuration_description, configuration_group_id, sort_order, date_added) VALUES ('Installed Modules', 'MODULE_HEADER_TAGS_INSTALLED', 'ht_canonical.php;ht_manufacturer_title.php;ht_category_title.php;ht_product_title.php;ht_robot_noindex.php', 'List of header tag module filenames separated by a semi-colon. This is automatically updated. No need to edit.', '6', '0', now());
INSERT INTO configuration (configuration_title, configuration_key, configuration_value, configuration_description, configuration_group_id, sort_order, set_function, date_added) values ('Enable Category Title Module', 'MODULE_HEADER_TAGS_CATEGORY_TITLE_STATUS', 'True', 'Do you want to allow category titles to be added to the page title?', '6', '1', 'tep_cfg_select_option(array(\'True\', \'False\'), ', now());
INSERT INTO configuration (configuration_title, configuration_key, configuration_value, configuration_description, configuration_group_id, sort_order, date_added) values ('Sort Order', 'MODULE_HEADER_TAGS_CATEGORY_TITLE_SORT_ORDER', '200', 'Sort order of display. Lowest is displayed first.', '6', '0', now());
INSERT INTO configuration (configuration_title, configuration_key, configuration_value, configuration_description, configuration_group_id, sort_order, set_function, date_added) values ('Enable Manufacturer Title Module', 'MODULE_HEADER_TAGS_MANUFACTURER_TITLE_STATUS', 'True', 'Do you want to allow manufacturer titles to be added to the page title?', '6', '1', 'tep_cfg_select_option(array(\'True\', \'False\'), ', now());
INSERT INTO configuration (configuration_title, configuration_key, configuration_value, configuration_description, configuration_group_id, sort_order, date_added) values ('Sort Order', 'MODULE_HEADER_TAGS_MANUFACTURER_TITLE_SORT_ORDER', '100', 'Sort order of display. Lowest is displayed first.', '6', '0', now());
INSERT INTO configuration (configuration_title, configuration_key, configuration_value, configuration_description, configuration_group_id, sort_order, set_function, date_added) values ('Enable Product Title Module', 'MODULE_HEADER_TAGS_PRODUCT_TITLE_STATUS', 'True', 'Do you want to allow product titles to be added to the page title?', '6', '1', 'tep_cfg_select_option(array(\'True\', \'False\'), ', now());
INSERT INTO configuration (configuration_title, configuration_key, configuration_value, configuration_description, configuration_group_id, sort_order, date_added) values ('Sort Order', 'MODULE_HEADER_TAGS_PRODUCT_TITLE_SORT_ORDER', '300', 'Sort order of display. Lowest is displayed first.', '6', '0', now());
INSERT INTO configuration (configuration_title, configuration_key, configuration_value, configuration_description, configuration_group_id, sort_order, set_function, date_added) values ('Enable Canonical Module', 'MODULE_HEADER_TAGS_CANONICAL_STATUS', 'True', 'Do you want to enable the Canonical module?', '6', '1', 'tep_cfg_select_option(array(\'True\', \'False\'), ', now());
INSERT INTO configuration (configuration_title, configuration_key, configuration_value, configuration_description, configuration_group_id, sort_order, date_added) values ('Sort Order', 'MODULE_HEADER_TAGS_CANONICAL_SORT_ORDER', '400', 'Sort order of display. Lowest is displayed first.', '6', '0', now());
INSERT INTO configuration (configuration_title, configuration_key, configuration_value, configuration_description, configuration_group_id, sort_order, set_function, date_added) values ('Enable Robot NoIndex Module', 'MODULE_HEADER_TAGS_ROBOT_NOINDEX_STATUS', 'True', 'Do you want to enable the Robot NoIndex module?', '6', '1', 'tep_cfg_select_option(array(\'True\', \'False\'), ', now());
INSERT INTO configuration (configuration_title, configuration_key, configuration_value, configuration_description, configuration_group_id, sort_order, use_function, set_function, date_added) values ('Pages', 'MODULE_HEADER_TAGS_ROBOT_NOINDEX_PAGES', 'account.php;account_edit.php;account_history.php;account_history_info.php;account_newsletters.php;account_notifications.php;account_password.php;address_book.php;address_book_process.php;checkout_confirmation.php;checkout_payment.php;checkout_payment_address.php;checkout_process.php;checkout_shipping.php;checkout_shipping_address.php;checkout_success.php;cookie_usage.php;create_account.php;create_account_success.php;login.php;logoff.php;password_forgotten.php;password_reset.php;product_reviews_write.php;shopping_cart.php;ssl_check.php;tell_a_friend.php', 'The pages to add the meta robot noindex tag to.', '6', '0', 'ht_robot_noindex_show_pages', 'ht_robot_noindex_edit_pages(', now());
INSERT INTO configuration (configuration_title, configuration_key, configuration_value, configuration_description, configuration_group_id, sort_order, date_added) values ('Sort Order', 'MODULE_HEADER_TAGS_ROBOT_NOINDEX_SORT_ORDER', '500', 'Sort order of display. Lowest is displayed first.', '6', '0', now());

# Administration Tool Dasboard
INSERT INTO configuration (configuration_title, configuration_key, configuration_value, configuration_description, configuration_group_id, sort_order, date_added) VALUES ('Installed Modules', 'MODULE_ADMIN_DASHBOARD_INSTALLED', 'd_total_revenue.php;d_total_customers.php;d_orders.php;d_customers.php;d_admin_logins.php;d_security_checks.php;d_latest_news.php;d_latest_addons.php;d_partner_news.php;d_version_check.php;d_reviews.php', 'List of Administration Tool Dashboard module filenames separated by a semi-colon. This is automatically updated. No need to edit.', '6', '0', now());
INSERT INTO configuration (configuration_title, configuration_key, configuration_value, configuration_description, configuration_group_id, sort_order, set_function, date_added) values ('Enable Administrator Logins Module', 'MODULE_ADMIN_DASHBOARD_ADMIN_LOGINS_STATUS', 'True', 'Do you want to show the latest administrator logins on the dashboard?', '6', '1', 'tep_cfg_select_option(array(\'True\', \'False\'), ', now());
INSERT INTO configuration (configuration_title, configuration_key, configuration_value, configuration_description, configuration_group_id, sort_order, date_added) values ('Sort Order', 'MODULE_ADMIN_DASHBOARD_ADMIN_LOGINS_SORT_ORDER', '500', 'Sort order of display. Lowest is displayed first.', '6', '0', now());
INSERT INTO configuration (configuration_title, configuration_key, configuration_value, configuration_description, configuration_group_id, sort_order, set_function, date_added) values ('Enable Customers Module', 'MODULE_ADMIN_DASHBOARD_CUSTOMERS_STATUS', 'True', 'Do you want to show the newest customers on the dashboard?', '6', '1', 'tep_cfg_select_option(array(\'True\', \'False\'), ', now());
INSERT INTO configuration (configuration_title, configuration_key, configuration_value, configuration_description, configuration_group_id, sort_order, date_added) values ('Sort Order', 'MODULE_ADMIN_DASHBOARD_CUSTOMERS_SORT_ORDER', '400', 'Sort order of display. Lowest is displayed first.', '6', '0', now());
INSERT INTO configuration (configuration_title, configuration_key, configuration_value, configuration_description, configuration_group_id, sort_order, set_function, date_added) values ('Enable Latest Add-Ons Module', 'MODULE_ADMIN_DASHBOARD_LATEST_ADDONS_STATUS', 'True', 'Do you want to show the latest osCommerce Add-Ons on the dashboard?', '6', '1', 'tep_cfg_select_option(array(\'True\', \'False\'), ', now());
INSERT INTO configuration (configuration_title, configuration_key, configuration_value, configuration_description, configuration_group_id, sort_order, date_added) values ('Sort Order', 'MODULE_ADMIN_DASHBOARD_LATEST_ADDONS_SORT_ORDER', '800', 'Sort order of display. Lowest is displayed first.', '6', '0', now());
INSERT INTO configuration (configuration_title, configuration_key, configuration_value, configuration_description, configuration_group_id, sort_order, set_function, date_added) values ('Enable Latest News Module', 'MODULE_ADMIN_DASHBOARD_LATEST_NEWS_STATUS', 'True', 'Do you want to show the latest osCommerce News on the dashboard?', '6', '1', 'tep_cfg_select_option(array(\'True\', \'False\'), ', now());
INSERT INTO configuration (configuration_title, configuration_key, configuration_value, configuration_description, configuration_group_id, sort_order, date_added) values ('Sort Order', 'MODULE_ADMIN_DASHBOARD_LATEST_NEWS_SORT_ORDER', '700', 'Sort order of display. Lowest is displayed first.', '6', '0', now());
INSERT INTO configuration (configuration_title, configuration_key, configuration_value, configuration_description, configuration_group_id, sort_order, set_function, date_added) values ('Enable Orders Module', 'MODULE_ADMIN_DASHBOARD_ORDERS_STATUS', 'True', 'Do you want to show the latest orders on the dashboard?', '6', '1', 'tep_cfg_select_option(array(\'True\', \'False\'), ', now());
INSERT INTO configuration (configuration_title, configuration_key, configuration_value, configuration_description, configuration_group_id, sort_order, date_added) values ('Sort Order', 'MODULE_ADMIN_DASHBOARD_ORDERS_SORT_ORDER', '300', 'Sort order of display. Lowest is displayed first.', '6', '0', now());
INSERT INTO configuration (configuration_title, configuration_key, configuration_value, configuration_description, configuration_group_id, sort_order, set_function, date_added) values ('Enable Security Checks Module', 'MODULE_ADMIN_DASHBOARD_SECURITY_CHECKS_STATUS', 'True', 'Do you want to run the security checks for this installation?', '6', '1', 'tep_cfg_select_option(array(\'True\', \'False\'), ', now());
INSERT INTO configuration (configuration_title, configuration_key, configuration_value, configuration_description, configuration_group_id, sort_order, date_added) values ('Sort Order', 'MODULE_ADMIN_DASHBOARD_SECURITY_CHECKS_SORT_ORDER', '600', 'Sort order of display. Lowest is displayed first.', '6', '0', now());
INSERT INTO configuration (configuration_title, configuration_key, configuration_value, configuration_description, configuration_group_id, sort_order, set_function, date_added) values ('Enable Total Customers Module', 'MODULE_ADMIN_DASHBOARD_TOTAL_CUSTOMERS_STATUS', 'True', 'Do you want to show the total customers chart on the dashboard?', '6', '1', 'tep_cfg_select_option(array(\'True\', \'False\'), ', now());
INSERT INTO configuration (configuration_title, configuration_key, configuration_value, configuration_description, configuration_group_id, sort_order, date_added) values ('Sort Order', 'MODULE_ADMIN_DASHBOARD_TOTAL_CUSTOMERS_SORT_ORDER', '200', 'Sort order of display. Lowest is displayed first.', '6', '0', now());
INSERT INTO configuration (configuration_title, configuration_key, configuration_value, configuration_description, configuration_group_id, sort_order, set_function, date_added) values ('Enable Total Revenue Module', 'MODULE_ADMIN_DASHBOARD_TOTAL_REVENUE_STATUS', 'True', 'Do you want to show the total revenue chart on the dashboard?', '6', '1', 'tep_cfg_select_option(array(\'True\', \'False\'), ', now());
INSERT INTO configuration (configuration_title, configuration_key, configuration_value, configuration_description, configuration_group_id, sort_order, date_added) values ('Sort Order', 'MODULE_ADMIN_DASHBOARD_TOTAL_REVENUE_SORT_ORDER', '100', 'Sort order of display. Lowest is displayed first.', '6', '0', now());
INSERT INTO configuration (configuration_title, configuration_key, configuration_value, configuration_description, configuration_group_id, sort_order, set_function, date_added) values ('Enable Version Check Module', 'MODULE_ADMIN_DASHBOARD_VERSION_CHECK_STATUS', 'True', 'Do you want to show the version check results on the dashboard?', '6', '1', 'tep_cfg_select_option(array(\'True\', \'False\'), ', now());
INSERT INTO configuration (configuration_title, configuration_key, configuration_value, configuration_description, configuration_group_id, sort_order, date_added) values ('Sort Order', 'MODULE_ADMIN_DASHBOARD_VERSION_CHECK_SORT_ORDER', '900', 'Sort order of display. Lowest is displayed first.', '6', '0', now());
INSERT INTO configuration (configuration_title, configuration_key, configuration_value, configuration_description, configuration_group_id, sort_order, set_function, date_added) values ('Enable Latest Reviews Module', 'MODULE_ADMIN_DASHBOARD_REVIEWS_STATUS', 'True', 'Do you want to show the latest reviews on the dashboard?', '6', '1', 'tep_cfg_select_option(array(\'True\', \'False\'), ', now());
INSERT INTO configuration (configuration_title, configuration_key, configuration_value, configuration_description, configuration_group_id, sort_order, date_added) values ('Sort Order', 'MODULE_ADMIN_DASHBOARD_REVIEWS_SORT_ORDER', '1000', 'Sort order of display. Lowest is displayed first.', '6', '0', now());
INSERT INTO configuration (configuration_title, configuration_key, configuration_value, configuration_description, configuration_group_id, sort_order, set_function, date_added) values ('Enable Partner News Module', 'MODULE_ADMIN_DASHBOARD_PARTNER_NEWS_STATUS', 'True', 'Do you want to show the latest osCommerce Partner News on the dashboard?', '6', '1', 'tep_cfg_select_option(array(\'True\', \'False\'), ', now());
INSERT INTO configuration (configuration_title, configuration_key, configuration_value, configuration_description, configuration_group_id, sort_order, date_added) values ('Sort Order', 'MODULE_ADMIN_DASHBOARD_PARTNER_NEWS_SORT_ORDER', '820', 'Sort order of display. Lowest is displayed first.', '6', '0', now());

INSERT INTO configuration (configuration_title,configuration_key, configuration_value,configuration_description,configuration_group_id,sort_order,date_added) values ('Default Theme','THEME_DEFAULT','booth','','0','0',now());

# Boxes
INSERT INTO configuration (configuration_title, configuration_key, configuration_value, configuration_description, configuration_group_id, sort_order, date_added) VALUES ('Installed Modules', 'MODULE_BOXES_INSTALLED', 'bm_add_slider1.php;bm_add_banner1.php;bm_add_slider_productsnew.php;bm_add_banner.php;bm_add_card_acceptance.php;bm_add_column_categories.php;bm_add_column_manufacturers.php;bm_add_footer.php;bm_add_header.php;bm_add_information.php;bm_add_testimonial.php;bm_add_medsos.php;bm_add_manufacture.php;bm_add_parallax_background.php;bm_add_product_tab.php;bm_add_reviews.php;bm_add_topmenu_call_us.php;bm_add_topmenu_currencies.php;bm_add_topmenu_languages.php', 'List of box module filenames separated by a semi-colon. This is automatically updated. No need to edit.', '6', '0', now());


INSERT INTO configuration (configuration_title, configuration_key, configuration_value, configuration_description, configuration_group_id, sort_order, last_modified, date_added, use_function, set_function) VALUES('Enable Manufacturers Module', 'MODULE_BOXES_COLUMN_MANUFACTURERS_STATUS', 'True', 'Do you want to add the module to your shop?', '6', '1', NULL, now(), NULL, 'tep_cfg_select_option(array(''True'', ''False''), ');
INSERT INTO configuration (configuration_title, configuration_key, configuration_value, configuration_description, configuration_group_id, sort_order, last_modified, date_added, use_function, set_function) VALUES('Content Placement', 'MODULE_BOXES_COLUMN_MANUFACTURERS_CONTENT_PLACEMENT', 'Column Right', 'Should the module be loaded in the left or right column?', '6', '1', NULL, now(), NULL, 'tep_cfg_select_option(array(''Column Left'', ''Column Right''), ');
INSERT INTO configuration (configuration_title, configuration_key, configuration_value, configuration_description, configuration_group_id, sort_order, last_modified, date_added, use_function, set_function) VALUES('Sort Order', 'MODULE_BOXES_COLUMN_MANUFACTURERS_SORT_ORDER', '0', 'Sort order of display. Lowest is displayed first.', '6', '0', NULL, now(), NULL, NULL);
INSERT INTO configuration (configuration_title, configuration_key, configuration_value, configuration_description, configuration_group_id, sort_order, last_modified, date_added, use_function, set_function) VALUES('Display in pages.', 'MODULE_BOXES_COLUMN_MANUFACTURERS_DISPLAY_PAGES', 'all', 'select pages where this box should be displayed. ', '6', '0', NULL, now(), NULL, 'tep_cfg_select_pages(');
INSERT INTO configuration (configuration_title, configuration_key, configuration_value, configuration_description, configuration_group_id, sort_order, last_modified, date_added, use_function, set_function) VALUES('Enable Categories Module', 'MODULE_BOXES_COLUMN_CATEGORIES_STATUS', 'True', 'Do you want to add the module to your shop?', '6', '1', NULL, now(), NULL, 'tep_cfg_select_option(array(''True'', ''False''), ');
INSERT INTO configuration (configuration_title, configuration_key, configuration_value, configuration_description, configuration_group_id, sort_order, last_modified, date_added, use_function, set_function) VALUES('Content Placement', 'MODULE_BOXES_COLUMN_CATEGORIES_CONTENT_PLACEMENT', 'Column Right', 'Should the module be loaded in the left or right column?', '6', '1', NULL, now(), NULL, 'tep_cfg_select_option(array(''Column Left'', ''Column Right''), ');
INSERT INTO configuration (configuration_title, configuration_key, configuration_value, configuration_description, configuration_group_id, sort_order, last_modified, date_added, use_function, set_function) VALUES('Sort Order', 'MODULE_BOXES_COLUMN_CATEGORIES_SORT_ORDER', '0', 'Sort order of display. Lowest is displayed first.', '6', '0', NULL, now(), NULL, NULL);
INSERT INTO configuration (configuration_title, configuration_key, configuration_value, configuration_description, configuration_group_id, sort_order, last_modified, date_added, use_function, set_function) VALUES('Display in pages.', 'MODULE_BOXES_COLUMN_CATEGORIES_DISPLAY_PAGES', 'account_history.php;account_history_info.php;account_newsletters.php;advanced_search.php;advanced_search_result.php;checkout_confirmation.php;checkout_shipping.php;checkout_shipping_address.php;checkout_success.php;index.php;products_best.php;products_new.php;product_info.php;shipping.php;shopping_cart.php;specials.php;', 'select pages where this box should be displayed. ', '6', '0', NULL, now(), NULL, 'tep_cfg_select_pages(');
INSERT INTO configuration (configuration_title, configuration_key, configuration_value, configuration_description, configuration_group_id, sort_order, last_modified, date_added, use_function, set_function) VALUES('Store Call Us', 'STORE_CALL_US', '12345678910', '', '1', '22', NULL, now(), NULL, NULL);
INSERT INTO configuration (configuration_title, configuration_key, configuration_value, configuration_description, configuration_group_id, sort_order, last_modified, date_added, use_function, set_function) VALUES('Enable Currencies Module', 'MODULE_BOXES_TOPMENU_CALL_US_STATUS', 'True', 'Do you want to add the module to your shop?', '6', '1', NULL, now(), NULL, 'tep_cfg_select_option(array(''True'', ''False''), ');
INSERT INTO configuration (configuration_title, configuration_key, configuration_value, configuration_description, configuration_group_id, sort_order, last_modified, date_added, use_function, set_function) VALUES('Content Placement', 'MODULE_BOXES_TOPMENU_CALL_US_CONTENT_PLACEMENT', 'Right TopMenu', 'Should the module be loaded in the Above Header Block?', '6', '1', NULL, now(), NULL, 'tep_cfg_select_option(array(''Left TopMenu'',''Right TopMenu''), ');
INSERT INTO configuration (configuration_title, configuration_key, configuration_value, configuration_description, configuration_group_id, sort_order, last_modified, date_added, use_function, set_function) VALUES('Call Us Number', 'MODULE_BOXES_TOPMENU_CALL_US_PHONE', '+123456789', 'Input your Call Us Number', '6', '0', NULL, now(), NULL, NULL);
INSERT INTO configuration (configuration_title, configuration_key, configuration_value, configuration_description, configuration_group_id, sort_order, last_modified, date_added, use_function, set_function) VALUES('Sort Order', 'MODULE_BOXES_TOPMENU_CALL_US_SORT_ORDER', '0', 'Sort order of display. Lowest is displayed first.', '6', '0', NULL, now(), NULL, NULL);
INSERT INTO configuration (configuration_title, configuration_key, configuration_value, configuration_description, configuration_group_id, sort_order, last_modified, date_added, use_function, set_function) VALUES('Display in pages.', 'MODULE_BOXES_TOPMENU_CALL_US_DISPLAY_PAGES', 'all', 'select pages where this box should be displayed. ', '6', '0', NULL, now(), NULL, 'tep_cfg_select_pages(');
INSERT INTO configuration (configuration_title, configuration_key, configuration_value, configuration_description, configuration_group_id, sort_order, last_modified, date_added, use_function, set_function) VALUES('Enable Card Acceptance Module', 'MODULE_BOXES_CARD_ACCEPTANCE_STATUS', 'True', 'Do you want to add the module to your shop?', '6', '1', NULL, now(), NULL, 'tep_cfg_select_option(array(''True'', ''False''), ');
INSERT INTO configuration (configuration_title, configuration_key, configuration_value, configuration_description, configuration_group_id, sort_order, last_modified, date_added, use_function, set_function) VALUES('Logos', 'MODULE_BOXES_CARD_ACCEPTANCE_LOGOS', 'mastercard_transparent.png;paypal_horizontal_large.png;visa.png;cirrus_transparent.png;maestro_transparent.png', 'The card acceptance logos to show.', 6, 0, NULL, now(), 'bm_card_acceptance_show_logos', 'bm_card_acceptance_edit_logos(');
INSERT INTO configuration (configuration_title, configuration_key, configuration_value, configuration_description, configuration_group_id, sort_order, last_modified, date_added, use_function, set_function) VALUES('Content Placement', 'MODULE_BOXES_CARD_ACCEPTANCE_CONTENT_PLACEMENT', 'Powered Right', 'Should the module be loaded in Powered Right ?', '6', '1', NULL, now(), NULL, 'tep_cfg_select_option(array(''Powered Right''), ');
INSERT INTO configuration (configuration_title, configuration_key, configuration_value, configuration_description, configuration_group_id, sort_order, last_modified, date_added, use_function, set_function) VALUES('Sort Order', 'MODULE_BOXES_CARD_ACCEPTANCE_SORT_ORDER', '0', 'Sort order of display. Lowest is displayed first.', '6', '0', NULL, now(), NULL, NULL);
INSERT INTO configuration (configuration_title, configuration_key, configuration_value, configuration_description, configuration_group_id, sort_order, last_modified, date_added, use_function, set_function) VALUES('Enable Currencies Module', 'MODULE_BOXES_SLIDER_PRODUCTSNEW_STATUS', 'True', 'Do you want to add the module to your shop?', '6', '1', NULL, now(), NULL, 'tep_cfg_select_option(array(''True'', ''False''), ');
INSERT INTO configuration (configuration_title, configuration_key, configuration_value, configuration_description, configuration_group_id, sort_order, last_modified, date_added, use_function, set_function) VALUES('Content Placement', 'MODULE_BOXES_SLIDER_PRODUCTSNEW_CONTENT_PLACEMENT', 'Column Top', 'Should the module be loaded in the Column Top or Bottom Block?', '6', '1', NULL, now(), NULL, 'tep_cfg_select_option(array(''Column Top'',''Column Bottom''), ');
INSERT INTO configuration (configuration_title, configuration_key, configuration_value, configuration_description, configuration_group_id, sort_order, last_modified, date_added, use_function, set_function) VALUES('Sort Order', 'MODULE_BOXES_SLIDER_PRODUCTSNEW_SORT_ORDER', '1001', 'Sort order of display. Lowest is displayed first.', '6', '0', NULL, now(), NULL, NULL);
INSERT INTO configuration (configuration_title, configuration_key, configuration_value, configuration_description, configuration_group_id, sort_order, last_modified, date_added, use_function, set_function) VALUES('Display in pages.', 'MODULE_BOXES_SLIDER_PRODUCTSNEW_DISPLAY_PAGES', 'index.php;', 'select pages where this box should be displayed. ', '6', '0', NULL, now(), NULL, 'tep_cfg_select_pages(');
INSERT INTO configuration (configuration_title, configuration_key, configuration_value, configuration_description, configuration_group_id, sort_order, last_modified, date_added, use_function, set_function) VALUES('Enable Currencies Module', 'MODULE_BOXES_PRODUCT_TAB_STATUS', 'True', 'Do you want to add the module to your shop?', '6', '1', NULL, now(), NULL, 'tep_cfg_select_option(array(''True'', ''False''), ');
INSERT INTO configuration (configuration_title, configuration_key, configuration_value, configuration_description, configuration_group_id, sort_order, last_modified, date_added, use_function, set_function) VALUES('Content Placement', 'MODULE_BOXES_PRODUCT_TAB_CONTENT_PLACEMENT', 'Column Top', 'Should the module be loaded in the Column Top or Bottom Block?', '6', '1', NULL, now(), NULL, 'tep_cfg_select_option(array(''Column Top'',''Column Bottom''), ');
INSERT INTO configuration (configuration_title, configuration_key, configuration_value, configuration_description, configuration_group_id, sort_order, last_modified, date_added, use_function, set_function) VALUES('Sort Order', 'MODULE_BOXES_PRODUCT_TAB_SORT_ORDER', '1004', 'Sort order of display. Lowest is displayed first.', '6', '0', NULL, now(), NULL, NULL);
INSERT INTO configuration (configuration_title, configuration_key, configuration_value, configuration_description, configuration_group_id, sort_order, last_modified, date_added, use_function, set_function) VALUES('Display in pages.', 'MODULE_BOXES_PRODUCT_TAB_DISPLAY_PAGES', 'index.php;', 'select pages where this box should be displayed. ', '6', '0', NULL, now(), NULL, 'tep_cfg_select_pages(');
INSERT INTO configuration (configuration_title, configuration_key, configuration_value, configuration_description, configuration_group_id, sort_order, last_modified, date_added, use_function, set_function) VALUES('Enable Currencies Module', 'MODULE_BOXES_MANUFACTURE_STATUS', 'True', 'Do you want to add the module to your shop?', '6', '1', NULL, now(), NULL, 'tep_cfg_select_option(array(''True'', ''False''), ');
INSERT INTO configuration (configuration_title, configuration_key, configuration_value, configuration_description, configuration_group_id, sort_order, last_modified, date_added, use_function, set_function) VALUES('Content Placement', 'MODULE_BOXES_MANUFACTURE_CONTENT_PLACEMENT', 'Column Bottom', 'Should the module be loaded in the Column Top or Bottom Block?', '6', '1', NULL, now(), NULL, 'tep_cfg_select_option(array(''Column Top'',''Column Bottom''), ');
INSERT INTO configuration (configuration_title, configuration_key, configuration_value, configuration_description, configuration_group_id, sort_order, last_modified, date_added, use_function, set_function) VALUES('Sort Order', 'MODULE_BOXES_MANUFACTURE_SORT_ORDER', '2009', 'Sort order of display. Lowest is displayed first.', '6', '0', NULL, now(), NULL, NULL);
INSERT INTO configuration (configuration_title, configuration_key, configuration_value, configuration_description, configuration_group_id, sort_order, last_modified, date_added, use_function, set_function) VALUES('Display in pages.', 'MODULE_BOXES_MANUFACTURE_DISPLAY_PAGES', 'index.php;', 'select pages where this box should be displayed. ', '6', '0', NULL, now(), NULL, 'tep_cfg_select_pages(');
INSERT INTO configuration (configuration_title, configuration_key, configuration_value, configuration_description, configuration_group_id, sort_order, last_modified, date_added, use_function, set_function) VALUES('Enable Currencies Module', 'MODULE_BOXES_INFORMATION_STATUS', 'False', 'Do you want to add the module to your shop?', '6', '1', NULL, now(), NULL, 'tep_cfg_select_option(array(''True'', ''False''), ');
INSERT INTO configuration (configuration_title, configuration_key, configuration_value, configuration_description, configuration_group_id, sort_order, last_modified, date_added, use_function, set_function) VALUES('Content Placement', 'MODULE_BOXES_INFORMATION_CONTENT_PLACEMENT', 'Column Bottom', 'Should the module be loaded in the Column Top or Bottom Block?', '6', '1', NULL, now(), NULL, 'tep_cfg_select_option(array(''Column Top'',''Column Bottom''), ');
INSERT INTO configuration (configuration_title, configuration_key, configuration_value, configuration_description, configuration_group_id, sort_order, last_modified, date_added, use_function, set_function) VALUES('Sort Order', 'MODULE_BOXES_INFORMATION_SORT_ORDER', '0', 'Sort order of display. Lowest is displayed first.', '6', '0', NULL, now(), NULL, NULL);
INSERT INTO configuration (configuration_title, configuration_key, configuration_value, configuration_description, configuration_group_id, sort_order, last_modified, date_added, use_function, set_function) VALUES('Display in pages.', 'MODULE_BOXES_INFORMATION_DISPLAY_PAGES', 'index.php;', 'select pages where this box should be displayed. ', '6', '0', NULL, now(), NULL, 'tep_cfg_select_pages(');
INSERT INTO configuration (configuration_title, configuration_key, configuration_value, configuration_description, configuration_group_id, sort_order, last_modified, date_added, use_function, set_function) VALUES('Enable Currencies Module', 'MODULE_BOXES_REVIEWS_STATUS', 'True', 'Do you want to add the module to your shop?', '6', '1', NULL, now(), NULL, 'tep_cfg_select_option(array(''True'', ''False''), ');
INSERT INTO configuration (configuration_title, configuration_key, configuration_value, configuration_description, configuration_group_id, sort_order, last_modified, date_added, use_function, set_function) VALUES('Content Placement', 'MODULE_BOXES_REVIEWS_CONTENT_PLACEMENT', 'Column Top', 'Should the module be loaded in the Column Top or Bottom Block?', '6', '1', NULL, now(), NULL, 'tep_cfg_select_option(array(''Column Top'',''Column Bottom''), ');
INSERT INTO configuration (configuration_title, configuration_key, configuration_value, configuration_description, configuration_group_id, sort_order, last_modified, date_added, use_function, set_function) VALUES('Sort Order', 'MODULE_BOXES_REVIEWS_SORT_ORDER', '0', 'Sort order of display. Lowest is displayed first.', '6', '0', NULL, now(), NULL, NULL);
INSERT INTO configuration (configuration_title, configuration_key, configuration_value, configuration_description, configuration_group_id, sort_order, last_modified, date_added, use_function, set_function) VALUES('Display in pages.', 'MODULE_BOXES_REVIEWS_DISPLAY_PAGES', 'index.php;', 'select pages where this box should be displayed. ', '6', '0', NULL, now(), NULL, 'tep_cfg_select_pages(');
INSERT INTO configuration (configuration_title, configuration_key, configuration_value, configuration_description, configuration_group_id, sort_order, last_modified, date_added, use_function, set_function) VALUES('Enable Currencies Module', 'MODULE_BOXES_BANNER_STATUS', 'True', 'Do you want to add the module to your shop?', '6', '1', NULL, now(), NULL, 'tep_cfg_select_option(array(''True'', ''False''), ');
INSERT INTO configuration (configuration_title, configuration_key, configuration_value, configuration_description, configuration_group_id, sort_order, last_modified, date_added, use_function, set_function) VALUES('Content Placement', 'MODULE_BOXES_BANNER_CONTENT_PLACEMENT', 'Column Top', 'Should the module be loaded in the Column Top or Bottom Block?', '6', '1', NULL, now(), NULL, 'tep_cfg_select_option(array(''Column Bottom'',''Column Bottom''), ');
INSERT INTO configuration (configuration_title, configuration_key, configuration_value, configuration_description, configuration_group_id, sort_order, last_modified, date_added, use_function, set_function) VALUES('Sort Order', 'MODULE_BOXES_BANNER_SORT_ORDER', '1002', 'Sort order of display. Lowest is displayed first.', '6', '0', NULL, now(), NULL, NULL);
INSERT INTO configuration (configuration_title, configuration_key, configuration_value, configuration_description, configuration_group_id, sort_order, last_modified, date_added, use_function, set_function) VALUES('Display in pages.', 'MODULE_BOXES_BANNER_DISPLAY_PAGES', 'index.php;', 'select pages where this box should be displayed. ', '6', '0', NULL, now(), NULL, 'tep_cfg_select_pages(');
INSERT INTO configuration (configuration_title, configuration_key, configuration_value, configuration_description, configuration_group_id, sort_order, last_modified, date_added, use_function, set_function) VALUES('Enable Currencies Module', 'MODULE_BOXES_BANNER1_STATUS', 'True', 'Do you want to add the module to your shop?', '6', '1', NULL, now(), NULL, 'tep_cfg_select_option(array(''True'', ''False''), ');
INSERT INTO configuration (configuration_title, configuration_key, configuration_value, configuration_description, configuration_group_id, sort_order, last_modified, date_added, use_function, set_function) VALUES('Content Placement', 'MODULE_BOXES_BANNER1_CONTENT_PLACEMENT', 'Column Top', 'Should the module be loaded in the Column Top or Bottom Block?', '6', '1', NULL, now(), NULL, 'tep_cfg_select_option(array(''Column Top'',''Column Bottom''), ');
INSERT INTO configuration (configuration_title, configuration_key, configuration_value, configuration_description, configuration_group_id, sort_order, last_modified, date_added, use_function, set_function) VALUES('Sort Order', 'MODULE_BOXES_BANNER1_SORT_ORDER', '101', 'Sort order of display. Lowest is displayed first.', '6', '0', NULL, now(), NULL, NULL);
INSERT INTO configuration (configuration_title, configuration_key, configuration_value, configuration_description, configuration_group_id, sort_order, last_modified, date_added, use_function, set_function) VALUES('Display in pages.', 'MODULE_BOXES_BANNER1_DISPLAY_PAGES', 'index.php;', 'select pages where this box should be displayed. ', '6', '0', NULL, now(), NULL, 'tep_cfg_select_pages(');
INSERT INTO configuration (configuration_title, configuration_key, configuration_value, configuration_description, configuration_group_id, sort_order, last_modified, date_added, use_function, set_function) VALUES('Enable Currencies Module', 'MODULE_BOXES_TOPMENU_CURRENCIES_STATUS', 'True', 'Do you want to add the module to your shop?', '6', '1', NULL, now(), NULL, 'tep_cfg_select_option(array(''True'', ''False''), ');
INSERT INTO configuration (configuration_title, configuration_key, configuration_value, configuration_description, configuration_group_id, sort_order, last_modified, date_added, use_function, set_function) VALUES('Content Placement', 'MODULE_BOXES_TOPMENU_CURRENCIES_CONTENT_PLACEMENT', 'Left TopMenu', 'Should the module be loaded in the Above Header Block?', '6', '1', NULL, now(), NULL, 'tep_cfg_select_option(array(''Left TopMenu'',''Right TopMenu''), ');
INSERT INTO configuration (configuration_title, configuration_key, configuration_value, configuration_description, configuration_group_id, sort_order, last_modified, date_added, use_function, set_function) VALUES('Sort Order', 'MODULE_BOXES_TOPMENU_CURRENCIES_SORT_ORDER', '0', 'Sort order of display. Lowest is displayed first.', '6', '0', NULL, now(), NULL, NULL);
INSERT INTO configuration (configuration_title, configuration_key, configuration_value, configuration_description, configuration_group_id, sort_order, last_modified, date_added, use_function, set_function) VALUES('Display in pages.', 'MODULE_BOXES_TOPMENU_CURRENCIES_DISPLAY_PAGES', 'all', 'select pages where this box should be displayed. ', '6', '0', NULL, now(), NULL, 'tep_cfg_select_pages(');
INSERT INTO configuration (configuration_title, configuration_key, configuration_value, configuration_description, configuration_group_id, sort_order, last_modified, date_added, use_function, set_function) VALUES('Enable Language Module', 'MODULE_BOXES_TOPMENU_LANGUAGES_STATUS', 'True', 'Do you want to add the module to your shop?', '6', '1', NULL, now(), NULL, 'tep_cfg_select_option(array(''True'', ''False''), ');
INSERT INTO configuration (configuration_title, configuration_key, configuration_value, configuration_description, configuration_group_id, sort_order, last_modified, date_added, use_function, set_function) VALUES('Content Placement', 'MODULE_BOXES_TOPMENU_LANGUAGES_CONTENT_PLACEMENT', 'Left TopMenu', 'Should the module be loaded in the Top Menu Block?', '6', '1', NULL, now(), NULL, 'tep_cfg_select_option(array(''Left TopMenu'',''Right TopMenu''), ');
INSERT INTO configuration (configuration_title, configuration_key, configuration_value, configuration_description, configuration_group_id, sort_order, last_modified, date_added, use_function, set_function) VALUES('Sort Order', 'MODULE_BOXES_TOPMENU_LANGUAGES_SORT_ORDER', '0', 'Sort order of display. Lowest is displayed first.', '6', '0', NULL, now(), NULL, NULL);
INSERT INTO configuration (configuration_title, configuration_key, configuration_value, configuration_description, configuration_group_id, sort_order, last_modified, date_added, use_function, set_function) VALUES('Display in pages.', 'MODULE_BOXES_TOPMENU_LANGUAGES_DISPLAY_PAGES', 'all', 'select pages where this box should be displayed. ', '6', '0', NULL, now(), NULL, 'tep_cfg_select_pages(');
INSERT INTO configuration (configuration_title, configuration_key, configuration_value, configuration_description, configuration_group_id, sort_order, last_modified, date_added, use_function, set_function) VALUES('Enable Currencies Module', 'MODULE_BOXES_SLIDER1_STATUS', 'True', 'Do you want to add the module to your shop?', '6', '1', NULL, now(), NULL, 'tep_cfg_select_option(array(''True'', ''False''), ');
INSERT INTO configuration (configuration_title, configuration_key, configuration_value, configuration_description, configuration_group_id, sort_order, last_modified, date_added, use_function, set_function) VALUES('Content Placement', 'MODULE_BOXES_SLIDER1_CONTENT_PLACEMENT', 'Column Top', 'Should the module be loaded in the Column Top or Bottom Block?', '6', '1', NULL, now(), NULL, 'tep_cfg_select_option(array(''Column Top'',''Column Bottom''), ');
INSERT INTO configuration (configuration_title, configuration_key, configuration_value, configuration_description, configuration_group_id, sort_order, last_modified, date_added, use_function, set_function) VALUES('Sort Order', 'MODULE_BOXES_SLIDER1_SORT_ORDER', '100', 'Sort order of display. Lowest is displayed first.', '6', '0', NULL, now(), NULL, NULL);
INSERT INTO configuration (configuration_title, configuration_key, configuration_value, configuration_description, configuration_group_id, sort_order, last_modified, date_added, use_function, set_function) VALUES('Display in pages.', 'MODULE_BOXES_SLIDER1_DISPLAY_PAGES', 'index.php;', 'select pages where this box should be displayed. ', '6', '0', NULL, now(), NULL, 'tep_cfg_select_pages(');
INSERT INTO configuration (configuration_title, configuration_key, configuration_value, configuration_description, configuration_group_id, sort_order, last_modified, date_added, use_function, set_function) VALUES('Enable Currencies Module', 'MODULE_BOXES_FOOTER_STATUS', 'True', 'Do you want to add the module to your shop?', '6', '1', NULL, now(), NULL, 'tep_cfg_select_option(array(''True'', ''False''), ');
INSERT INTO configuration (configuration_title, configuration_key, configuration_value, configuration_description, configuration_group_id, sort_order, last_modified, date_added, use_function, set_function) VALUES('Content Placement', 'MODULE_BOXES_FOOTER_CONTENT_PLACEMENT', 'Footer', 'Should the module be loaded in the Footer Block?', '6', '1', NULL, now(), NULL, 'tep_cfg_select_option(array(''Footer''), ');
INSERT INTO configuration (configuration_title, configuration_key, configuration_value, configuration_description, configuration_group_id, sort_order, last_modified, date_added, use_function, set_function) VALUES('Sort Order', 'MODULE_BOXES_FOOTER_SORT_ORDER', '0', 'Sort order of display. Lowest is displayed first.', '6', '0', NULL, now(), NULL, NULL);
INSERT INTO configuration (configuration_title, configuration_key, configuration_value, configuration_description, configuration_group_id, sort_order, last_modified, date_added, use_function, set_function) VALUES('Display in pages.', 'MODULE_BOXES_FOOTER_DISPLAY_PAGES', 'all', 'select pages where this box should be displayed. ', '6', '0', NULL, now(), NULL, 'tep_cfg_select_pages(');
INSERT INTO configuration (configuration_title, configuration_key, configuration_value, configuration_description, configuration_group_id, sort_order, last_modified, date_added, use_function, set_function) VALUES('Enable Currencies Module', 'MODULE_BOXES_HEADER_STATUS', 'True', 'Do you want to add the module to your shop?', '6', '1', NULL, now(), NULL, 'tep_cfg_select_option(array(''True'', ''False''), ');
INSERT INTO configuration (configuration_title, configuration_key, configuration_value, configuration_description, configuration_group_id, sort_order, last_modified, date_added, use_function, set_function) VALUES('Content Placement', 'MODULE_BOXES_HEADER_CONTENT_PLACEMENT', 'Header', 'Should the module be loaded in the Header Block?', '6', '1', NULL, now(), NULL, 'tep_cfg_select_option(array(''Header''), ');
INSERT INTO configuration (configuration_title, configuration_key, configuration_value, configuration_description, configuration_group_id, sort_order, last_modified, date_added, use_function, set_function) VALUES('Sort Order', 'MODULE_BOXES_HEADER_SORT_ORDER', '0', 'Sort order of display. Lowest is displayed first.', '6', '0', NULL, now(), NULL, NULL);
INSERT INTO configuration (configuration_title, configuration_key, configuration_value, configuration_description, configuration_group_id, sort_order, last_modified, date_added, use_function, set_function) VALUES('Display in pages.', 'MODULE_BOXES_HEADER_DISPLAY_PAGES', 'all', 'select pages where this box should be displayed. ', '6', '0', NULL, now(), NULL, 'tep_cfg_select_pages(');

INSERT INTO configuration (configuration_title, configuration_key, configuration_value, configuration_description, configuration_group_id, sort_order, last_modified, date_added, use_function, set_function) VALUES('Enable Currencies Module', 'MODULE_BOXES_TESTIMONIAL_STATUS', 'True', 'Do you want to add the module to your shop?', 6, 1, NULL, '2014-10-30 10:13:37', NULL, 'tep_cfg_select_option(array(''True'', ''False''), ');
INSERT INTO configuration (configuration_title, configuration_key, configuration_value, configuration_description, configuration_group_id, sort_order, last_modified, date_added, use_function, set_function) VALUES('Content Placement', 'MODULE_BOXES_TESTIMONIAL_CONTENT_PLACEMENT', 'Column Bottom', 'Should the module be loaded in the Column Top or Bottom Block?', 6, 1, NULL, now(), NULL, 'tep_cfg_select_option(array(''Column Top'',''Column Bottom''), ');
INSERT INTO configuration (configuration_title, configuration_key, configuration_value, configuration_description, configuration_group_id, sort_order, last_modified, date_added, use_function, set_function) VALUES('Sort Order', 'MODULE_BOXES_TESTIMONIAL_SORT_ORDER', '2008', 'Sort order of display. Lowest is displayed first.', 6, 0, NULL, now(), NULL, NULL);
INSERT INTO configuration (configuration_title, configuration_key, configuration_value, configuration_description, configuration_group_id, sort_order, last_modified, date_added, use_function, set_function) VALUES('Display in pages.', 'MODULE_BOXES_TESTIMONIAL_DISPLAY_PAGES', 'index.php;', 'select pages where this box should be displayed. ', 6, 0, NULL, now(), NULL, 'tep_cfg_select_pages(');
INSERT INTO configuration (configuration_title, configuration_key, configuration_value, configuration_description, configuration_group_id, sort_order, last_modified, date_added, use_function, set_function) VALUES('Minimum Minutes Per Testimonial', 'MODULE_ACTION_RECORDER_TESTIMONIAL_MINUTES', '15', 'Minimum number of minutes to allow 1 testimonial to be sent (eg, 15 for 1 e-mail every 15 minutes)', 6, 0, NULL, now(), NULL, NULL);
INSERT INTO configuration (configuration_title, configuration_key, configuration_value, configuration_description, configuration_group_id, sort_order, last_modified, date_added, use_function, set_function) VALUES('Enable Currencies Module', 'MODULE_BOXES_MEDSOS_STATUS', 'False', 'Do you want to add the module to your shop?', 6, 1, NULL, now(), NULL, 'tep_cfg_select_option(array(''True'', ''False''), ');
INSERT INTO configuration (configuration_title, configuration_key, configuration_value, configuration_description, configuration_group_id, sort_order, last_modified, date_added, use_function, set_function) VALUES('Content Placement', 'MODULE_BOXES_MEDSOS_CONTENT_PLACEMENT', 'Column Bottom', 'Should the module be loaded in the Column Top or Bottom Block?', 6, 1, NULL, now(), NULL, 'tep_cfg_select_option(array(''Column Top'',''Column Bottom''), ');
INSERT INTO configuration (configuration_title, configuration_key, configuration_value, configuration_description, configuration_group_id, sort_order, last_modified, date_added, use_function, set_function) VALUES('Sort Order', 'MODULE_BOXES_MEDSOS_SORT_ORDER', '2009', 'Sort order of display. Lowest is displayed first.', 6, 0, NULL, now(), NULL, NULL);
INSERT INTO configuration (configuration_title, configuration_key, configuration_value, configuration_description, configuration_group_id, sort_order, last_modified, date_added, use_function, set_function) VALUES('Display in pages.', 'MODULE_BOXES_MEDSOS_DISPLAY_PAGES', 'index.php;', 'select pages where this box should be displayed. ', 6, 0, NULL, now(), NULL, 'tep_cfg_select_pages(');
INSERT INTO configuration (configuration_title, configuration_key, configuration_value, configuration_description, configuration_group_id, sort_order, last_modified, date_added, use_function, set_function) VALUES('Enable Currencies Module', 'MODULE_BOXES_PARALLAX_BACKGROUND_STATUS', 'True', 'Do you want to add the module to your shop?', 6, 1, NULL, now(), NULL, 'tep_cfg_select_option(array(''True'', ''False''), ');
INSERT INTO configuration (configuration_title, configuration_key, configuration_value, configuration_description, configuration_group_id, sort_order, last_modified, date_added, use_function, set_function) VALUES('Content Placement', 'MODULE_BOXES_PARALLAX_BACKGROUND_CONTENT_PLACEMENT', 'Column Main', 'Should the module be loaded in the Column Main?', 6, 1, NULL, now(), NULL, 'tep_cfg_select_option(array(''Column Main''), ');
INSERT INTO configuration (configuration_title, configuration_key, configuration_value, configuration_description, configuration_group_id, sort_order, last_modified, date_added, use_function, set_function) VALUES('Image Use', 'MODULE_BOXES_PARALLAX_IMAGE_USE', '2 Image', 'How Many Image use?', 6, 1, NULL, now(), NULL, 'tep_cfg_select_option(array(''1 Image'',''2 Image''), ');
INSERT INTO configuration (configuration_title, configuration_key, configuration_value, configuration_description, configuration_group_id, sort_order, last_modified, date_added, use_function, set_function) VALUES('Sort Order', 'MODULE_BOXES_PARALLAX_BACKGROUND_SORT_ORDER', '0', 'Sort order of display. Lowest is displayed first.', 6, 0, NULL, now(), NULL, NULL);
INSERT INTO configuration (configuration_title, configuration_key, configuration_value, configuration_description, configuration_group_id, sort_order, last_modified, date_added, use_function, set_function) VALUES('Display in pages.', 'MODULE_BOXES_PARALLAX_BACKGROUND_DISPLAY_PAGES', 'index.php;', 'select pages where this box should be displayed. ', 6, 0, NULL, now(), NULL, 'tep_cfg_select_pages(');



# Template Block Groups
INSERT INTO configuration (configuration_title, configuration_key, configuration_value, configuration_description, configuration_group_id, sort_order, date_added) values ('Installed Template Block Groups', 'TEMPLATE_BLOCK_GROUPS', 'boxes;header_tags', 'This is automatically updated. No need to edit.', '6', '0', now());

# Content Modules
INSERT INTO configuration (configuration_title, configuration_key, configuration_value, configuration_description, configuration_group_id, sort_order, date_added) values ('Installed Modules', 'MODULE_CONTENT_INSTALLED', 'account/cm_account_set_password;checkout_success/cm_cs_redirect_old_order;checkout_success/cm_cs_thank_you;checkout_success/cm_cs_product_notifications;checkout_success/cm_cs_downloads;login/cm_login_form;login/cm_create_account_link', 'This is automatically updated. No need to edit.', '6', '0', now());
INSERT INTO configuration (configuration_title, configuration_key, configuration_value, configuration_description, configuration_group_id, sort_order, set_function, date_added) values ('Enable Set Account Password', 'MODULE_CONTENT_ACCOUNT_SET_PASSWORD_STATUS', 'True', 'Do you want to enable the Set Account Password module?', '6', '1', 'tep_cfg_select_option(array(\'True\', \'False\'), ', now());
INSERT INTO configuration (configuration_title, configuration_key, configuration_value, configuration_description, configuration_group_id, sort_order, set_function, date_added) values ('Allow Local Passwords', 'MODULE_CONTENT_ACCOUNT_SET_PASSWORD_ALLOW_PASSWORD', 'True', 'Allow local account passwords to be set.', '6', '1', 'tep_cfg_select_option(array(\'True\', \'False\'), ', now());
INSERT INTO configuration (configuration_title, configuration_key, configuration_value, configuration_description, configuration_group_id, sort_order, date_added) values ('Sort Order', 'MODULE_CONTENT_ACCOUNT_SET_PASSWORD_SORT_ORDER', '100', 'Sort order of display. Lowest is displayed first.', '6', '0', now());
INSERT INTO configuration (configuration_title, configuration_key, configuration_value, configuration_description, configuration_group_id, sort_order, set_function, date_added) values ('Enable Redirect Old Order Module', 'MODULE_CONTENT_CHECKOUT_SUCCESS_REDIRECT_OLD_ORDER_STATUS', 'True', 'Should customers be redirected when viewing old checkout success orders?', '6', '1', 'tep_cfg_select_option(array(\'True\', \'False\'), ', now());
INSERT INTO configuration (configuration_title, configuration_key, configuration_value, configuration_description, configuration_group_id, sort_order, date_added) values ('Redirect Minutes', 'MODULE_CONTENT_CHECKOUT_SUCCESS_REDIRECT_OLD_ORDER_MINUTES', '60', 'Redirect customers to the My Account page after an order older than this amount is viewed.', '6', '0', now());
INSERT INTO configuration (configuration_title, configuration_key, configuration_value, configuration_description, configuration_group_id, sort_order, date_added) values ('Sort Order', 'MODULE_CONTENT_CHECKOUT_SUCCESS_REDIRECT_OLD_ORDER_SORT_ORDER', '500', 'Sort order of display. Lowest is displayed first.', '6', '0', now());
INSERT INTO configuration (configuration_title, configuration_key, configuration_value, configuration_description, configuration_group_id, sort_order, set_function, date_added) values ('Enable Thank You Module', 'MODULE_CONTENT_CHECKOUT_SUCCESS_THANK_YOU_STATUS', 'True', 'Should the thank you block be shown on the checkout success page?', '6', '1', 'tep_cfg_select_option(array(\'True\', \'False\'), ', now());
INSERT INTO configuration (configuration_title, configuration_key, configuration_value, configuration_description, configuration_group_id, sort_order, date_added) values ('Sort Order', 'MODULE_CONTENT_CHECKOUT_SUCCESS_THANK_YOU_SORT_ORDER', '1000', 'Sort order of display. Lowest is displayed first.', '6', '0', now());
INSERT INTO configuration (configuration_title, configuration_key, configuration_value, configuration_description, configuration_group_id, sort_order, set_function, date_added) values ('Enable Product Notifications Module', 'MODULE_CONTENT_CHECKOUT_SUCCESS_PRODUCT_NOTIFICATIONS_STATUS', 'True', 'Should the product notifications block be shown on the checkout success page?', '6', '1', 'tep_cfg_select_option(array(\'True\', \'False\'), ', now());
INSERT INTO configuration (configuration_title, configuration_key, configuration_value, configuration_description, configuration_group_id, sort_order, date_added) values ('Sort Order', 'MODULE_CONTENT_CHECKOUT_SUCCESS_PRODUCT_NOTIFICATIONS_SORT_ORDER', '2000', 'Sort order of display. Lowest is displayed first.', '6', '3', now());
INSERT INTO configuration (configuration_title, configuration_key, configuration_value, configuration_description, configuration_group_id, sort_order, set_function, date_added) values ('Enable Product Downloads Module', 'MODULE_CONTENT_CHECKOUT_SUCCESS_DOWNLOADS_STATUS', 'True', 'Should ordered product download links be shown on the checkout success page?', '6', '1', 'tep_cfg_select_option(array(\'True\', \'False\'), ', now());
INSERT INTO configuration (configuration_title, configuration_key, configuration_value, configuration_description, configuration_group_id, sort_order, date_added) values ('Sort Order', 'MODULE_CONTENT_CHECKOUT_SUCCESS_DOWNLOADS_SORT_ORDER', '3000', 'Sort order of display. Lowest is displayed first.', '6', '3', now());
INSERT INTO configuration (configuration_title, configuration_key, configuration_value, configuration_description, configuration_group_id, sort_order, set_function, date_added) values ('Enable Login Form Module', 'MODULE_CONTENT_LOGIN_FORM_STATUS', 'True', 'Do you want to enable the login form module?', '6', '1', 'tep_cfg_select_option(array(\'True\', \'False\'), ', now());
INSERT INTO configuration (configuration_title, configuration_key, configuration_value, configuration_description, configuration_group_id, sort_order, set_function, date_added) values ('Content Width', 'MODULE_CONTENT_LOGIN_FORM_CONTENT_WIDTH', 'Half', 'Should the content be shown in a full or half width container?', '6', '1', 'tep_cfg_select_option(array(\'Full\', \'Half\'), ', now());
INSERT INTO configuration (configuration_title, configuration_key, configuration_value, configuration_description, configuration_group_id, sort_order, date_added) values ('Sort Order', 'MODULE_CONTENT_LOGIN_FORM_SORT_ORDER', '1000', 'Sort order of display. Lowest is displayed first.', '6', '0', now());
INSERT INTO configuration (configuration_title, configuration_key, configuration_value, configuration_description, configuration_group_id, sort_order, set_function, date_added) values ('Enable New User Module', 'MODULE_CONTENT_CREATE_ACCOUNT_LINK_STATUS', 'True', 'Do you want to enable the new user module?', '6', '1', 'tep_cfg_select_option(array(\'True\', \'False\'), ', now());
INSERT INTO configuration (configuration_title, configuration_key, configuration_value, configuration_description, configuration_group_id, sort_order, set_function, date_added) values ('Content Width', 'MODULE_CONTENT_CREATE_ACCOUNT_LINK_CONTENT_WIDTH', 'Half', 'Should the content be shown in a full or half width container?', '6', '1', 'tep_cfg_select_option(array(\'Full\', \'Half\'), ', now());
INSERT INTO configuration (configuration_title, configuration_key, configuration_value, configuration_description, configuration_group_id, sort_order, date_added) values ('Sort Order', 'MODULE_CONTENT_CREATE_ACCOUNT_LINK_SORT_ORDER', '2000', 'Sort order of display. Lowest is displayed first.', '6', '0', now());

INSERT INTO follow_us (fs_id, fs_name, fs_link, fs_icon, fs_status, fs_sort) VALUES('1', 'Facebook', 'https://www.facebook.com/kotabiruwebdesign', 'fa fa-facebook-square', '1', '0');
INSERT INTO follow_us (fs_id, fs_name, fs_link, fs_icon, fs_status, fs_sort) VALUES('2', 'Twitter', 'https://www.twitter.com/kotabiru.design', 'fa fa-twitter-square', '1', '0');
INSERT INTO follow_us (fs_id, fs_name, fs_link, fs_icon, fs_status, fs_sort) VALUES('3', 'Google+', '#', 'fa fa-google-plus-square', '1', '0');
INSERT INTO follow_us (fs_id, fs_name, fs_link, fs_icon, fs_status, fs_sort) VALUES('4', 'Pinterest', '#', 'fa fa-pinterest-square', '1', '0');
INSERT INTO follow_us (fs_id, fs_name, fs_link, fs_icon, fs_status, fs_sort) VALUES('5', 'Instagram', '#', 'fa fa-instagram-square', '1', '0');

INSERT INTO google_fonts (font_id, font_name, font_code, font_use, status) VALUES('1', 'Roboto Condensed', '@import url(http://fonts.googleapis.com/css?family=Roboto+Condensed:300);', 'font-family: ''Roboto Condensed'', sans-serif;', '0');
INSERT INTO google_fonts (font_id, font_name, font_code, font_use, status) VALUES('2', 'Yanone Kaffeesatz', '@import url(http://fonts.googleapis.com/css?family=Yanone+Kaffeesatz:400,700|Roboto+Condensed);', 'font-family: ''Yanone Kaffeesatz'', sans-serif;', '0');
INSERT INTO google_fonts (font_id, font_name, font_code, font_use, status) VALUES('5', 'Roboto Light', '@import url(http://fonts.googleapis.com/css?family=Roboto+Condensed:700,300);', '', '0');
INSERT INTO google_fonts (font_id, font_name, font_code, font_use, status) VALUES('6', 'Roboto Normal', '@import url(http://fonts.googleapis.com/css?family=Roboto+Condensed:400,300);', 'font-family: ''Roboto Condensed'', sans-serif;', '1');

INSERT INTO information (info_id, info_pos, status, sort) VALUES('26', '10', '1', '1');
INSERT INTO information (info_id, info_pos, status, sort) VALUES('27', '10', '1', '2');
INSERT INTO information (info_id, info_pos, status, sort) VALUES('28', '10', '1', '3');
INSERT INTO information (info_id, info_pos, status, sort) VALUES('29', '0', '1', '0');
INSERT INTO information (info_id, info_pos, status, sort) VALUES('30', '1', '1', '0');

INSERT INTO information_description (info_id, language_id, info_name, info_title, info_content) VALUES('26', '1', 'Shipping', 'Shipping & Return', 'Text Information');
INSERT INTO information_description (info_id, language_id, info_name, info_title, info_content) VALUES('26', '2', 'Pengiriman', 'Pengiriman dan pengembalian', 'Informasi Text');
INSERT INTO information_description (info_id, language_id, info_name, info_title, info_content) VALUES('27', '1', 'Conditions', 'Conditions', 'Text Here');
INSERT INTO information_description (info_id, language_id, info_name, info_title, info_content) VALUES('27', '2', 'Syarat dan Ketentuan', 'Syarat dan Ketentuan', 'Tulisan disini');
INSERT INTO information_description (info_id, language_id, info_name, info_title, info_content) VALUES('28', '1', 'Privacy', 'Privacy', 'Text Here');
INSERT INTO information_description (info_id, language_id, info_name, info_title, info_content) VALUES('28', '2', 'Privasi', 'Privasi', 'Text Here');
INSERT INTO information_description (info_id, language_id, info_name, info_title, info_content) VALUES('29', '1', 'About Us', 'About Us', 'Lorem ipsum dolor sit amet, consectetur adipiscing elit, sed do eiusmod tempor incididunt ut labore et dolore magna aliqua. Ut enim ad minim veniam, quis nostrud exercitation ullamco laboris nisi ut aliquip ex ea commodo consequat. Duis aute irure dolor in reprehenderit in voluptate velit esse cillum dolore eu fugiat nulla pariatur. Excepteur sint occaecat cupidatat non proident, sunt in culpa qui officia deserunt mollit anim id est laborum');
INSERT INTO information_description (info_id, language_id, info_name, info_title, info_content) VALUES('29', '2', 'About Us', 'About Us', 'Lorem ipsum dolor sit amet, consectetur adipiscing elit, sed do eiusmod tempor incididunt ut labore et dolore magna aliqua. Ut enim ad minim veniam, quis nostrud exercitation ullamco laboris nisi ut aliquip ex ea commodo consequat. Duis aute irure dolor in reprehenderit in voluptate velit esse cillum dolore eu fugiat nulla pariatur. Excepteur sint occaecat cupidatat non proident, sunt in culpa qui officia deserunt mollit anim id est laborum');
INSERT INTO information_description (info_id, language_id, info_name, info_title, info_content) VALUES('30', '1', 'Contact Us', 'Contact Us', '<p>CONTACT PHONE</p>\r\n\r\n<p>123456, 123456, 123456, 151645654654</p>\r\n\r\n<p>OFFICE</p>\r\n\r\n<p>Sunset Boulevard</p>');
INSERT INTO information_description (info_id, language_id, info_name, info_title, info_content) VALUES('30', '2', 'Hubungi Kami', 'Hubungi Kami', '<p>CONTACT PHONE</p>\r\n\r\n<p>123456, 123456, 123456, 151645654654</p>\r\n\r\n<p>OFFICE</p>\r\n\r\n<p>Sunset Boulevard</p>');

INSERT INTO slider (slider_id, slider_title, slider_text1, slider_text2, slider_title_style, slider_text1_style, slider_text2_style, slider_ani_title, slider_ani_text1, slider_ani_text2, slider_title_bg, slider_text1_bg, slider_text2_bg, slider_image, slider_link, slider_sort, slider_status) VALUES(1, 'Create Your Own Slider', 'Choose your text animation', 'Place your text', 'color:#ffffff;font-size:45px;left:50%;top:35%;', 'color:#00b1ff;font-size:30px;width:500px;left:50%;top:50%;', 'color:#00b1ff;font-size:30px;left:50%;top:60%;', 'topBottom1', 'rightLeft2', 'leftRight3', 0, 0, 0, '001.jpg', '#', 0, 1);

INSERT INTO slider (slider_id, slider_title, slider_text1, slider_text2, slider_title_style, slider_text1_style, slider_text2_style, slider_ani_title, slider_ani_text1, slider_ani_text2, slider_title_bg, slider_text1_bg, slider_text2_bg, slider_image, slider_link, slider_sort, slider_status) VALUES(2, 'Fully Responsive', 'Premium Support', 'Clean Theme', 'color:#050606;font-size:40px;left:50%;top:20%;', 'color:#020202;font-size:40px;left:60%;top:37%;', 'color:#000000;font-size:40px;left:70%;top:53%;', 'leftRight1', 'topBottom2', 'bottomTop3', 0, 0, 0, '002.jpg', '', 0, 1);

INSERT INTO testimonial (testi_id, testi_name, testi_email, testi_text, testi_date, testi_status) VALUES(1, 'John Doe', 'john.doe@yahoo.com', 'Lorem ipsum dolor sit amet, consectetuer adipiscing elit, sed diam nonummy nibh euismod tincidunt ut laoreet dolore magna aliquam erat volutpat. Ut wisi enim ad minim veniam, quis nostrud exerci tation ullamcorper suscipit lobortis nisl ut aliquip ex ea commodo consequat. ', now(), 1);
INSERT INTO testimonial (testi_id, testi_name, testi_email, testi_text, testi_date, testi_status) VALUES(3, 'John Doe', 'john.doe@yahoo.co.id', 'Lorem ipsum dolor sit amet, consectetuer adipiscing elit, sed diam nonummy nibh euismod tincidunt ut laoreet dolore magna aliquam erat volutpat. Ut wisi enim ad minim veniam, quis nostrud exerci tation ullamcorper suscipit lobortis nisl ut aliquip ex ea commodo consequat. Duis autem vel eum iriure dolor in hendrerit in vulputate velit esse molestie consequat, vel illum dolore eu feugiat nulla facilisis at vero eros et accumsan et iusto odio dignissim qui blandit praesent luptatum zzril delenit augue duis dolore te feugait nulla facilisi. Nam liber tempor cum soluta nobis eleifend option congue nihil imperdiet doming id quod mazim placerat facer possim assum. Typi non habent claritatem insitam; est usus legentis in iis qui facit eorum claritatem. Investigationes demonstraverunt lectores legere me lius quod ii legunt saepius. Claritas est etiam processus dynamicus, qui sequitur mutationem consuetudium lectorum. Mirum est notare quam littera gothica, quam nunc putamus parum claram, anteposuerit litterarum formas humanitatis per seacula quarta decima et quinta decima. Eodem modo typi, qui nunc nobis videntur parum clari, fiant sollemnes in futurum.', now(), 1);
INSERT INTO testimonial (testi_id, testi_name, testi_email, testi_text, testi_date, testi_status) VALUES(6, 'Jane Doe', 'jane.doe@yahoo.com', 'consectetuer adipiscing elit, sed diam nonummy nibh euismod tincidunt ut laoreet dolore magna aliquam erat volutpat.', now(), 1);
INSERT INTO testimonial (testi_id, testi_name, testi_email, testi_text, testi_date, testi_status) VALUES(7, 'Jane Doe', 'Jane.doe@yahoo.com', 'sdfsdf adfs fgdfg dgh fgh fgh asda sdsd dfg sfg dfg dfg dfgfdg df', now(), 1);

INSERT INTO theme VALUES(1, 'Header Text Color', 'head-1', 'h1,h2,h3,h4', 'color', '', 0, '', '', 0, 1, '', 1);
INSERT INTO theme VALUES(3, 'Button Primary', 'btn-primary', '.btn-primary', 'color', '', 0, 'background', '', 0, 0, '', 4);
INSERT INTO theme VALUES(4, 'Button Primary Hover', 'btn-primary-hover', '.btn-primary:hover', 'color', '', 1, 'background', '', 1, 0, '', 4);
INSERT INTO theme VALUES(5, 'Button Default', 'btn-default', '.btn-default', 'color', '', 0, 'background', '', 0, 0, '', 4);
INSERT INTO theme VALUES(6, 'Button Default Hover', 'btn-default-hover', '.btn-default:hover', 'color', '', 0, 'background', '', 0, 1, '', 4);
INSERT INTO theme VALUES(10, 'a Link Color', 'alink', 'a', 'color', '', 0, '', '', 0, 0, '', 4);
INSERT INTO theme VALUES(11, 'a Link Color Hover', 'alink-hover', 'a:hover', 'color', '', 0, '', '', 0, 0, '', 4);
INSERT INTO theme VALUES(20, 'Text Color', 'cur-col', '.box-currencies', 'color', '', 0, '', '', 0, 0, '', 20);
INSERT INTO theme VALUES(21, 'a link Color', 'cur-a', '.box-currencies a', 'color', '', 0, 'background', '', 0, 0, '', 20);
INSERT INTO theme VALUES(22, 'a link Color Hover', 'cur-a-hover', '.box-currencies a:hover', 'color', '', 0, 'background', '', 0, 0, '', 20);
INSERT INTO theme VALUES(23, 'Text Color', 'lang-col', '.box-languages', 'color', '', 0, '', '', 0, 0, '', 21);
INSERT INTO theme VALUES(24, 'a link Color', 'lang-a', '.box-languages a', 'color', '', 0, 'background', '', 0, 0, '', 21);
INSERT INTO theme VALUES(25, 'a link Color Hover', 'lang-a-hover', '.box-languages a:hover', 'color', '', 0, 'background', '', 0, 0, '', 21);
INSERT INTO theme VALUES(26, 'Slider Outer Background', 'slider-bg-out', '.slider-bg', 'background', '', 0, '', '', 0, 0, '', 22);
INSERT INTO theme VALUES(27, 'Slider Inner Background', 'slider-bg-in', '.slider', 'background', '', 0, '', '', 0, 0, '', 22);
INSERT INTO theme VALUES(28, 'Text', 'text', 'body', 'color', '', 0, 'background', '', 0, 0, '', 1);
INSERT INTO theme VALUES(39, 'Base Footer', 'footer', '#footer', 'color', '', 0, 'background', '', 0, 0, '', 25);
INSERT INTO theme VALUES(40, 'Icon Header', 'header-icon', '#footer i', 'color', '', 0, '', '', 0, 0, '', 25);
INSERT INTO theme VALUES(41, 'Footer Text Header', 'footer-text-header', '#footer h3', 'color', '', 0, '', '', 0, 0, '', 25);
INSERT INTO theme VALUES(42, 'Footer a link', 'footer-a', '#footer a', 'color', '', 0, '', '', 0, 0, '', 25);
INSERT INTO theme VALUES(43, 'Footer a link Hover', 'footer-a-hover', '#footer a:hover', 'color', '', 0, '', '', 0, 0, '', 25);
INSERT INTO theme VALUES(46, 'Main Menu Drop Down', 'mainmenu', '.mainmenu-bg', 'color', '', 0, 'background', '', 0, 0, '.shop-cart-content,.shop-user-content,.shop-search-content,.megamenu > li > div { border-top:3px solid ', 27);
INSERT INTO theme VALUES(47, 'Main Menu Drop Down Hover', 'mainmenu-hover', '.mainmenu-bg:hover', 'color', '', 0, 'background', '', 0, 0, '', 27);
INSERT INTO theme VALUES(48, 'Header Background', 'head-bg', '.custom-head-bg', 'background', '', 0, '', '', 0, 0, '', 27);
INSERT INTO theme VALUES(49, 'Category Menu Min Screen', 'menu-sty', '.menu-sty', 'background', '', 0, '', '', 0, 0, '', 27);
INSERT INTO theme VALUES(50, 'Main Menu Drop Down', 'mainmenu', '.mainmenu-bg', 'color', '', 0, 'background', '', 0, 0, '.shop-cart-content,.shop-user-content,.shop-search-content,.megamenu > li > div { border-top:3px solid ', 28);
INSERT INTO theme VALUES(51, 'Main Menu Drop Down Hover', 'mainmenu-hover', '.mainmenu-bg:hover', 'color', '', 0, 'background', '', 0, 0, '', 28);
INSERT INTO theme VALUES(52, 'Header Background', 'head-bg', '.custom-head-bg', 'background', '', 0, '', '', 0, 0, '', 28);
INSERT INTO theme VALUES(53, 'Category Menu Min Screen', 'menu-sty', '.menu-sty', 'background', '', 0, '', '', 0, 0, '', 28);
INSERT INTO theme VALUES(54, 'Main Menu Drop Down', 'mainmenu', '.mainmenu-bg', 'color', '', 0, 'background', '', 0, 0, '.shop-cart-content,.shop-user-content,.shop-search-content,.megamenu > li > div { border-top:3px solid ', 29);
INSERT INTO theme VALUES(55, 'Main Menu Drop Down Hover', 'mainmenu-hover', '.mainmenu-bg:hover', 'color', '', 0, 'background', '', 0, 0, '', 29);
INSERT INTO theme VALUES(56, 'Header Background', 'head-bg', '.custom-head-bg', 'background', '', 0, '', '', 0, 0, '', 29);
INSERT INTO theme VALUES(57, 'Category Menu Min Screen', 'menu-sty', '.menu-sty', 'background', '', 0, '', '', 0, 0, '', 29);
INSERT INTO theme VALUES(60, 'Outer Background', 'col-tab-products-outer', '.col-tab-products-outer', 'background', '', 0, '', '', 0, 0, '', 31);
INSERT INTO theme VALUES(61, 'Inner Background', 'col-tab-products', '.col-tab-products', 'background', '', 0, '', '', 0, 0, '', 31);
INSERT INTO theme VALUES(62, 'Banner Outer Background', 'banner1-bg-out', '.banner1-bg', 'background', '', 0, '', '', 0, 0, '', 32);
INSERT INTO theme VALUES(63, 'Banner Inner Background', 'banner1-bg-in', '.banner1-bg-in', 'background', '', 0, '', '', 0, 0, '', 32);
INSERT INTO theme VALUES(64, 'Banner Outer Background', 'banner-bg', '.banner-bg', 'background', '', 0, '', '', 0, 0, '', 33);
INSERT INTO theme VALUES(65, 'Banner Inner Background', 'banner-bg-in', '.banner-bg-in', 'background', '', 0, '', '', 0, 0, '', 33);
INSERT INTO theme VALUES(66, 'Outer Background', 'slider-pn-out', '.bg-prod-new', 'background', '', 0, '', '', 0, 0, '', 34);
INSERT INTO theme VALUES(67, 'Inner Background', 'slider-pn-in', '.bg-in-prod-new', 'background', '', 0, '', '', 0, 0, '', 34);
INSERT INTO theme VALUES(68, 'Outer Background', 'manufacture-bg', '.manufacture-bg', 'background', '', 0, '', '', 0, 0, '', 35);
INSERT INTO theme VALUES(69, 'Inner Background', 'manufacture-bg-in', '.manufacture-bg-in', 'background', '', 0, '', '', 0, 0, '', 35);
INSERT INTO theme VALUES(70, 'Outer Background', 'testi-bg', '.testi-bg', 'background', '', 0, '', '', 0, 0, '', 36);
INSERT INTO theme VALUES(71, 'Inner Background', 'testi-bg-in', '.testi-bg-in', 'background', '', 0, '', '', 0, 0, '', 36);
INSERT INTO theme VALUES(72, 'Outer Background', 'review-outer', '.bg-review', 'background', '', 0, '', '', 0, 0, '', 37);
INSERT INTO theme VALUES(73, 'Inner Background', 'review-in', '.con-review', 'background', '', 0, '', '', 0, 0, '', 37);
INSERT INTO theme VALUES(74, 'Header','md-review-color','.md-review-color','background','',0,'color','',0,0, '', 37);

INSERT INTO theme_group VALUES(1, 'Base Custom Theme', '', '', 0);
INSERT INTO theme_group VALUES(4, 'Button and Link', '', '', 0);
INSERT INTO theme_group VALUES(20, 'Top Menu Currencies', '', 'bm_add_topmenu_currencies', 0);
INSERT INTO theme_group VALUES(21, 'Top Menu Languages', '', 'bm_add_topmenu_languages', 0);
INSERT INTO theme_group VALUES(22, 'Slider', '', 'bm_add_slider1', 0);
INSERT INTO theme_group VALUES(25, 'Footer', '', 'bm_add_footer', 0);
INSERT INTO theme_group VALUES(29, 'Header', '', 'bm_add_header', 0);
INSERT INTO theme_group VALUES(31, 'Product Tabs', '', 'bm_add_product_tab', 0);
INSERT INTO theme_group VALUES(32, 'Banner Three Column', '', 'bm_add_banner1', 0);
INSERT INTO theme_group VALUES(33, 'Banner Two Column', '', 'bm_add_banner', 0);
INSERT INTO theme_group VALUES(34, 'New Products Slider', '', 'bm_add_slider_productsnew', 0);
INSERT INTO theme_group VALUES(35, 'Manufacture Slider', '', 'bm_add_manufacture', 0);
INSERT INTO theme_group VALUES(36, 'Testimonial', '', 'bm_add_testimonial', 0);
INSERT INTO theme_group VALUES(37, 'Reviews', '', 'bm_add_reviews', 0);
